{"type":"Topology","transform":{"scale":[0.0025204236423642355,0.002128197419741974],"translate":[123.66303,24.249595]},"objects":{"japan":{"type":"GeometryCollection","geometries":[{"type":"Polygon","arcs":[[0],[1],[2],[3],[4]],"properties":{"name":"Hokkaido"}},{"type":"Polygon","arcs":[[5,6,7]],"properties":{"name":"Aomori"}},{"type":"Polygon","arcs":[[8,9,10,11,-8]],"properties":{"name":"Akita"}},{"type":"Polygon","arcs":[[-9,-7,12,13]],"properties":{"name":"Iwate"}},{"type":"Polygon","arcs":[[14,15,16,17,-11]],"properties":{"name":"Yamagata"}},{"type":"Polygon","arcs":[[18,19,-15,-10,-14]],"properties":{"name":"Miyagi"}},{"type":"MultiPolygon","arcs":[[[20,21,22,23,24,-17]],[[25]]],"properties":{"name":"Niigata"}},{"type":"Polygon","arcs":[[-20,26,27,28,29,-21,-16]],"properties":{"name":"Fukushima"}},{"type":"Polygon","arcs":[[30,31,32,33]],"properties":{"name":"Ishikawa"}},{"type":"Polygon","arcs":[[34,35,36,-29]],"properties":{"name":"Tochigi"}},{"type":"Polygon","arcs":[[-30,-37,37,38,-22]],"properties":{"name":"Gunma"}},{"type":"Polygon","arcs":[[-39,39,40,41,42,43,44,-23]],"properties":{"name":"Nagano"}},{"type":"Polygon","arcs":[[45,-24,-45,46,-34]],"properties":{"name":"Toyama"}},{"type":"Polygon","arcs":[[47,48,49,-35,-28]],"properties":{"name":"Ibaraki"}},{"type":"Polygon","arcs":[[-44,50,51,52,53,-31,-47]],"properties":{"name":"Gifu"}},{"type":"Polygon","arcs":[[-54,54,55,56,-32]],"properties":{"name":"Fukui"}},{"type":"Polygon","arcs":[[-36,-50,57,58,59,-40,-38]],"properties":{"name":"Saitama"}},{"type":"Polygon","arcs":[[60,61,-58,-49]],"properties":{"name":"Chiba"}},{"type":"Polygon","arcs":[[-60,62,63,64,-41]],"properties":{"name":"Yamanashi"}},{"type":"Polygon","arcs":[[-62,65,66,-63,-59]],"properties":{"name":"Tokyo"}},{"type":"Polygon","arcs":[[-53,67,68,-55]],"properties":{"name":"Shiga"}},{"type":"Polygon","arcs":[[-67,69,70,-64]],"properties":{"name":"Kanagawa"}},{"type":"Polygon","arcs":[[-71,71,72,-42,-65]],"properties":{"name":"Shizuoka"}},{"type":"Polygon","arcs":[[-43,-73,73,74,-51]],"properties":{"name":"Aichi"}},{"type":"Polygon","arcs":[[-75,75,76,77,78,-68,-52]],"properties":{"name":"Mie"}},{"type":"Polygon","arcs":[[79,80,81,82,83]],"properties":{"name":"Osaka"}},{"type":"Polygon","arcs":[[84,-78,85,-84]],"properties":{"name":"Nara"}},{"type":"Polygon","arcs":[[-86,-77,86,-80]],"properties":{"name":"Wakayama"}},{"type":"Polygon","arcs":[[-69,-79,-85,-83,87,88,-56]],"properties":{"name":"Kyoto"}},{"type":"MultiPolygon","arcs":[[[-82,89,90,91,92,-88]],[[93]]],"properties":{"name":"Hyogo"}},{"type":"Polygon","arcs":[[94,95,96,97,-92]],"properties":{"name":"Tottori"}},{"type":"MultiPolygon","arcs":[[[98,99,100,-97]],[[101]]],"properties":{"name":"Shimane"}},{"type":"Polygon","arcs":[[-91,102,103,-95]],"properties":{"name":"Okayama"}},{"type":"Polygon","arcs":[[-96,-104,104,105,-99]],"properties":{"name":"Hiroshima"}},{"type":"MultiPolygon","arcs":[[[106]],[[-106,107,-100]],[[108]],[[109]]],"properties":{"name":"Yamaguchi"}},{"type":"MultiPolygon","arcs":[[[110]],[[111,112,113]]],"properties":{"name":"Kagawa"}},{"type":"Polygon","arcs":[[114,115,116,-114]],"properties":{"name":"Tokushima"}},{"type":"Polygon","arcs":[[-117,117,118,-112]],"properties":{"name":"Ehime"}},{"type":"Polygon","arcs":[[119,120,121,122,123]],"properties":{"name":"Fukuoka"}},{"type":"Polygon","arcs":[[-116,124,-118]],"properties":{"name":"Kochi"}},{"type":"Polygon","arcs":[[125,126,127,-124]],"properties":{"name":"Oita"}},{"type":"Polygon","arcs":[[128,129,130,-122]],"properties":{"name":"Saga"}},{"type":"MultiPolygon","arcs":[[[131]],[[132]],[[133]],[[134,-130]]],"properties":{"name":"Nagasaki"}},{"type":"MultiPolygon","arcs":[[[135,136,137,-120,-128]],[[138]],[[139]]],"properties":{"name":"Kumamoto"}},{"type":"MultiPolygon","arcs":[[[140,141,-137]],[[142]],[[143]]],"properties":{"name":"Kagoshima"}},{"type":"MultiPolygon","arcs":[[[144]],[[145]],[[146]],[[147]],[[148]],[[149]],[[150]]],"properties":{"name":"Okinawa"}},{"type":"Polygon","arcs":[[151,-141,-136,-127]],"properties":{"name":"Miyazaki"}}]}},"arcs":[[[7049,9005],[-39,147],[100,69],[31,66],[-5,139],[40,59],[17,106],[-24,115],[-61,125],[31,90],[73,27],[40,48],[234,-233],[84,-124],[108,-103],[207,-135],[108,-39],[164,-35],[32,-55],[58,-21],[133,-4],[160,123],[57,71],[15,-34],[-109,-178],[-10,-65],[49,-62],[76,-169],[44,2],[63,58],[66,-2],[-102,-52],[-23,-50],[-153,-20],[-16,-42],[-119,-49],[-230,27],[-111,-56],[-137,-119],[-100,-151],[7,-47],[-39,-127],[-110,89],[-192,74],[-121,85],[-111,59],[-126,20],[-169,-89],[-59,-64],[-116,133],[-93,2],[-69,-95],[-8,-54],[105,-70],[64,9],[101,-103],[90,-46],[-88,-52],[-133,48],[-75,-67],[-3,-64],[-90,-64],[-51,11],[-37,62],[63,170],[-36,81],[-111,82],[37,190],[65,12],[61,62],[30,-27],[106,124],[-80,90],[62,72],[125,-85],[87,21],[55,-43],[106,85],[2,42]],[[8644,9150],[40,-1],[18,70],[28,19],[40,9],[29,47],[12,-5],[96,105],[135,57],[37,34],[-146,31],[-81,-100],[-87,-100],[-80,-68],[-45,-40],[-15,-12],[10,-45],[9,-1]],[[8890,9053],[25,-27],[24,28],[-21,10],[-28,-11]],[[9101,9187],[23,-50],[100,56],[-25,32],[-98,-38]],[[9212,9490],[44,-6],[46,57],[58,19],[83,79],[85,104],[72,-17],[177,115],[211,64],[11,94],[-92,-24],[-119,-99],[-125,-2],[-30,74],[-24,-96],[-63,-25],[-29,-42],[-50,9],[-6,-51],[-98,-62],[-18,-26],[-39,7],[26,-33],[-33,-53],[-32,4],[-9,-31],[-20,26],[1,-39],[-24,-14],[-9,-33],[6,1]],[[6460,7601],[-33,86],[56,61],[95,22],[20,39],[24,182],[47,-36],[69,0],[23,-154],[63,15],[4,61],[105,-68],[58,134],[-46,57],[-42,-46],[-108,-25],[-2,56],[52,141],[169,-89],[53,36],[-31,-132],[0,-127],[22,-113],[93,-89]],[[7151,7612],[-58,-49],[-87,12],[-144,-59]],[[6862,7516],[10,85],[-40,38],[-93,-50],[-113,35],[-10,-18],[-156,-5]],[[6862,7516],[-36,-35],[-5,-110],[-27,-33],[8,-122],[-58,-92],[60,-110],[-14,-104]],[[6790,6910],[-88,-36]],[[6702,6874],[-76,68],[-63,5],[-55,45],[-76,-5]],[[6432,6987],[56,116],[21,152],[-44,98],[-80,-22],[-23,65],[44,-17],[65,72],[22,116],[-33,34]],[[7151,7612],[60,-100],[-2,-64],[45,-47],[51,-211],[-38,-110],[-66,-98],[14,-39],[-83,-26]],[[7132,6917],[-60,2],[-27,-92],[-107,1],[-20,48],[-128,34]],[[6702,6874],[37,-54],[-36,-107],[26,-39],[-57,-86],[-24,-91],[-54,-48]],[[6594,6449],[-21,-109],[-95,7],[-20,32],[-79,-2]],[[6379,6377],[-44,40],[22,123],[86,58],[-77,53],[-33,55],[-29,11]],[[6304,6717],[83,114],[45,156]],[[7132,6917],[1,-33],[-77,-120],[37,-74],[-42,-44],[-134,-4],[-50,-95],[-14,-137]],[[6853,6410],[-82,-51],[-17,49],[-160,41]],[[6379,6377],[-76,-91],[17,-50],[-148,-38],[-20,-97],[35,-36],[-6,-100]],[[6181,5965],[-56,52],[-52,-37],[-15,-67],[-93,-43]],[[5965,5870],[-1,53],[-66,81],[-107,-76],[-100,-19],[-54,41],[-42,-70]],[[5595,5880],[-52,102]],[[5543,5982],[113,39],[72,52],[68,8],[108,81],[70,92],[39,106],[103,78],[57,19],[85,91],[6,83],[40,86]],[[5786,6368],[38,84],[-41,-6],[37,108],[76,58],[-33,-96],[52,-15],[-25,-74],[-104,-59]],[[6853,6410],[31,-71],[10,-184],[-25,-174],[-70,-58]],[[6799,5923],[-83,41],[-45,-70],[-86,66]],[[6585,5960],[-3,42],[-114,60],[-197,-86],[-33,-28]],[[6238,5948],[-57,17]],[[5211,5661],[21,-27],[-37,-72]],[[5195,5562],[-165,43],[-38,53]],[[4992,5658],[81,72],[121,186],[7,74],[-39,69],[35,103],[227,76],[-23,-91],[-128,-46],[-27,-77],[68,14],[0,-67]],[[5314,5971],[-27,3],[-36,-21],[-40,-93],[0,-199]],[[6585,5960],[10,-107],[-38,-146],[-133,-41],[-59,-50]],[[6365,5616],[-17,8]],[[6348,5624],[-73,24],[-44,55],[47,89],[-62,26],[22,130]],[[6348,5624],[-78,-15],[-133,42],[-34,-71],[-129,-63]],[[5974,5517],[-32,21],[-14,113],[16,63],[-95,10],[22,93],[94,53]],[[5974,5517],[5,-40]],[[5979,5477],[-147,20],[-68,-77],[12,-67]],[[5776,5353],[-30,-42],[0,-87],[-129,-73]],[[5617,5151],[-95,-8],[-6,42]],[[5516,5185],[29,54],[-70,169],[-47,17],[100,100],[-15,45],[38,100],[-25,33]],[[5526,5703],[63,93],[6,84]],[[5314,5971],[-27,-39],[81,-55],[56,2],[39,76],[80,27]],[[5526,5703],[-79,32],[-97,-6],[-54,-73],[-52,38],[-33,-33]],[[6799,5923],[-73,-181],[-20,-94],[39,-127],[85,-133]],[[6830,5388],[-67,55],[-96,39],[-124,-35],[-104,66],[-41,55],[-3,-3]],[[6395,5565],[-30,51]],[[5516,5185],[-51,-29],[-94,13],[-88,79],[-84,-27],[-38,-101]],[[5161,5120],[-61,49],[-39,-17]],[[5061,5152],[11,81],[-67,129]],[[5005,5362],[21,51],[179,12],[17,46],[-27,91]],[[5005,5362],[-49,16],[7,-62],[-141,-73],[-18,-26]],[[4804,5217],[-93,10],[-24,89]],[[4687,5316],[22,-35],[83,2],[40,61],[83,17],[21,54],[-56,99],[112,144]],[[6395,5565],[49,-109],[-12,-31]],[[6432,5425],[-191,-15],[-43,34],[-108,27],[-26,-19]],[[6064,5452],[-85,25]],[[6830,5388],[-104,-24],[-54,-52],[-33,-83],[-1,-88],[-101,-34],[-80,-98],[-45,132],[31,109],[88,81],[-53,43],[-39,-30]],[[6439,5344],[-7,81]],[[6064,5452],[74,-86]],[[6138,5366],[-17,-74],[-68,-53]],[[6053,5239],[-91,-21],[-42,41],[-19,-115],[-53,0],[-57,55],[-6,126],[-9,28]],[[6439,5344],[-37,-52]],[[6402,5292],[-106,60],[-18,-65],[-33,37],[-107,42]],[[5061,5152],[15,-26],[-35,-120],[-74,-9],[-62,-45]],[[4905,4952],[-62,47],[-5,122],[-34,96]],[[6402,5292],[-64,-27],[36,-112],[-40,-24],[-22,58],[-126,0],[-53,-72]],[[6133,5115],[-80,124]],[[6133,5115],[5,-123],[-113,-128],[-40,41],[28,200],[-101,-10],[-9,-43],[-69,-41],[-64,-117],[12,-33],[-98,33],[-199,4]],[[5485,4898],[9,74],[52,27],[65,102],[6,50]],[[5485,4898],[-182,-40],[120,75],[-42,36],[-68,-21],[-46,42],[3,-83],[-34,24],[-12,77],[19,87],[-65,-15]],[[5178,5080],[-17,40]],[[5178,5080],[-66,-136],[-4,-76],[155,-77],[-9,-80],[-54,-7],[-25,42],[-40,-44],[-126,-50],[0,-62],[-80,-73],[-28,-67]],[[4901,4450],[-62,45],[1,38]],[[4840,4533],[96,59],[12,107],[-24,67],[59,58],[-68,32],[-1,72]],[[4914,4928],[-9,24]],[[4754,4760],[-8,1],[-203,-52],[-7,18]],[[4536,4727],[51,17],[97,116],[-5,40]],[[4679,4900],[5,117],[-38,54]],[[4646,5071],[121,-69],[21,-56]],[[4788,4946],[-7,1],[-27,-187]],[[4788,4946],[64,-33],[62,15]],[[4840,4533],[-102,2],[-25,80],[52,70],[-11,75]],[[4901,4450],[-21,-67],[-79,-47],[-98,22],[-73,68],[28,18],[-133,81],[10,87],[43,39],[-42,76]],[[4646,5071],[5,40],[-70,15],[-20,47],[-93,25],[51,49],[-72,114]],[[4447,5361],[142,56],[33,-37],[-45,-62],[110,-2]],[[4679,4900],[-60,21],[-126,-39],[-129,71],[-124,-27]],[[4240,4926],[-37,56],[5,74],[54,107]],[[4262,5163],[45,17],[-57,157]],[[4250,5337],[67,29],[130,-5]],[[4394,4669],[-30,38],[54,84],[80,76],[-37,-85],[21,-75],[-88,-38]],[[4262,5163],[-89,-33],[-72,86],[-67,-49],[-92,45],[-35,-72],[-95,-63]],[[3812,5077],[-50,9]],[[3762,5086],[4,65],[59,23],[8,90],[1,6]],[[3834,5270],[106,31],[178,-7],[132,43]],[[3762,5086],[-107,12],[-133,-144],[-119,3],[-35,-40],[-34,-113]],[[3334,4804],[-43,-78],[-54,-3],[-48,61],[9,72],[-15,43]],[[3183,4899],[50,6],[109,113],[90,58],[48,63],[75,44],[2,64],[137,45],[54,41],[64,-10],[22,-53]],[[3805,5596],[-26,60],[81,-11],[-55,-49]],[[4240,4926],[-154,-105],[-73,-28],[-41,33],[-87,-22]],[[3885,4804],[-29,155],[-44,118]],[[3885,4804],[-34,-51],[-52,20],[-108,-33],[-128,-65],[-50,25],[6,47],[-70,2],[-49,-61]],[[3400,4688],[-32,3],[-34,113]],[[2259,4720],[-32,36],[19,127],[70,10],[-53,-112],[-4,-61]],[[3400,4688],[-27,-177],[-179,96],[-68,-30],[-55,31],[-19,-45],[-68,-17],[-54,61],[-60,-57],[-8,163],[52,63],[152,0],[84,115],[33,8]],[[3440,4511],[-60,20],[43,28],[17,-48]],[[2203,4618],[-3,117],[54,-15],[-51,-102]],[[4196,4775],[-30,44],[76,27],[-6,-62],[-40,-9]],[[3979,4586],[-35,13]],[[3944,4599],[30,86],[101,80],[131,-21],[72,-64]],[[4278,4680],[-1,-2],[-106,-15],[-192,-77]],[[4278,4680],[80,-16],[-24,-67],[64,-94],[-151,-99],[-20,-38]],[[4227,4366],[-47,8],[-8,55],[-44,6],[-13,64],[-52,-16],[-95,41]],[[3968,4524],[11,62]],[[3968,4524],[-22,0],[-164,-41],[-70,-147],[-83,-10],[35,-69],[-92,-96],[-2,-88]],[[3570,4073],[-58,10],[-34,99],[51,35],[-51,35],[-30,87],[-77,-55],[-44,-1],[138,75],[103,81],[25,97],[91,110],[82,-104],[71,35],[66,-12],[41,34]],[[2850,4160],[-64,30],[-103,-77]],[[2683,4113],[-29,63]],[[2654,4176],[74,95],[-105,65],[-92,-5]],[[2531,4331],[79,68],[65,-9],[49,137],[136,27],[85,-146],[40,-14]],[[2985,4394],[-4,-8],[0,-36],[-76,-1],[-58,-78],[3,-111]],[[4227,4366],[-53,-141],[-99,114],[-135,13],[-118,-62],[-19,-88],[-97,-99],[-24,-95],[-123,5],[11,60]],[[2985,4394],[99,-15],[27,47],[66,-3],[32,-59],[-17,-63],[-79,-23],[3,-41],[156,-3],[-41,-66],[56,-35],[26,-103],[-50,-42]],[[3263,3988],[-39,44],[-98,-35],[-84,34]],[[3042,4031],[-86,165],[-52,-21],[4,-54],[-58,39]],[[2654,4176],[-39,24],[-41,-40],[28,-70]],[[2602,4090],[-63,14],[-97,93],[-8,74]],[[2434,4271],[46,97],[51,-37]],[[2268,4188],[28,87],[45,6],[-73,-93]],[[2144,4023],[-26,61],[44,72],[-18,-133]],[[2027,3910],[-67,16],[77,84],[39,-69],[-49,-31]],[[2602,4090],[-49,-47],[85,9],[16,-96],[-69,-40],[2,95],[-88,-12],[-60,-83],[15,61],[-86,108],[21,70],[57,-59],[-14,-49],[84,-17],[-44,104],[-59,4],[-72,71],[4,76],[89,-14]],[[3042,4031],[-126,-149],[40,-87],[-5,-82],[-147,-25]],[[2804,3688],[-54,40],[-90,-11]],[[2660,3717],[83,128],[32,96],[-76,-16],[62,85],[-78,103]],[[2514,3823],[28,59],[49,15],[10,-99],[-72,-67],[-15,92]],[[2657,3817],[-58,34],[101,36],[-43,-70]],[[2804,3688],[129,-219],[54,-5],[-10,-81]],[[2977,3383],[-58,-45],[45,-38],[-85,-79],[-102,-54],[56,158],[-40,64],[47,87],[-79,21],[-42,-105],[61,-99],[-60,-46],[-22,39],[-96,1],[44,183],[-62,69],[24,163],[52,15]],[[2864,2861],[-11,52],[81,180],[11,-23],[-47,-196],[-34,-13]],[[2725,2808],[-58,75],[37,32],[77,-35],[-56,-72]],[[2264,1813],[-32,51],[-59,14],[152,70],[65,58],[-26,-60],[-107,-105],[7,-28]],[[2094,1600],[-17,108],[54,-53],[-37,-55]],[[1951,1443],[-19,35],[64,17],[-45,-52]],[[1595,856],[-17,56],[63,114],[170,167],[40,-14],[-35,-60],[-159,-95],[10,-45],[-72,-123]],[[653,217],[-1,71],[59,-65],[-58,-6]],[[206,36],[-40,57],[71,10],[-31,-67]],[[81,0],[-81,24],[48,60],[61,-33],[-28,-51]],[[3263,3988],[-71,-58],[-95,-321],[9,-75],[-63,-184],[-66,33]]]}