{"type":"Topology","transform":{"scale":[0.003105054971597158,0.0021310439962996326],"translate":[122.93816165500002,24.21210358300003]},"objects":{"subunits_jpn":{"type":"GeometryCollection","geometries":[{"type":"MultiPolygon","arcs":[[[0]],[[1]],[[2]],[[3]],[[4]],[[5]]],"id":"JPB","properties":{"name":"Bonin Is."}},{"type":"Polygon","arcs":[[6]],"id":"JPH","properties":{"name":"Honshu"}},{"type":"MultiPolygon","arcs":[[[7]],[[8]],[[9]],[[10]],[[11]],[[12]]],"id":"JPI","properties":{"name":"Izu-shoto"}},{"type":"Polygon","arcs":[[13]],"id":"JPK","properties":{"name":"Hokkaido"}},{"type":"MultiPolygon","arcs":[[[14]],[[15]],[[16]],[[17]],[[18]],[[19]],[[20]],[[21]],[[22]],[[23]],[[24]],[[25]],[[26]],[[27]],[[28]],[[29]],[[30]],[[31]],[[32]],[[33]],[[34]],[[35]],[[36]],[[37]],[[38]],[[39]]],"id":"JPO","properties":{"name":"Nansei-shoto"}},{"type":"Polygon","arcs":[[40]],"id":"JPS","properties":{"name":"Shikoku"}},{"type":"MultiPolygon","arcs":[[[41]],[[42]],[[43]]],"id":"JPV","properties":{"name":"Volcano Is."}},{"type":"MultiPolygon","arcs":[[[44]],[[45]],[[46]],[[47]],[[48]],[[49]],[[50]],[[51]],[[52]],[[53]],[[54]],[[55]],[[56]],[[57]],[[58]],[[59]],[[60]],[[61]],[[62]],[[63]],[[64]],[[65]],[[66]],[[67]],[[68]],[[69]],[[70]],[[71]],[[72]],[[73]],[[74]],[[75]],[[76]],[[77]],[[78]],[[79]],[[80]],[[81]],[[82]],[[83]],[[84]],[[85]],[[86]],[[87]],[[88]],[[89]],[[90]],[[91]],[[92]],[[93]],[[94]],[[95]],[[96]],[[97]],[[98]],[[99]],[[100]],[[101]],[[102]],[[103]],[[104]],[[105]],[[106]]],"id":"JPX","properties":{"name":"Japan"}},{"type":"Polygon","arcs":[[107]],"id":"JPY","properties":{"name":"Kyushu"}}]},"places_jpn":{"type":"GeometryCollection","geometries":[{"type":"Point","coordinates":[3101,4711]},{"type":"Point","coordinates":[3262,5281]},{"type":"Point","coordinates":[3638,5297]},{"type":"Point","coordinates":[2183,4200]},{"type":"Point","coordinates":[2538,4532]},{"type":"Point","coordinates":[2500,4030]},{"type":"Point","coordinates":[2789,4238]},{"type":"Point","coordinates":[4452,5261]},{"type":"Point","coordinates":[4373,4929]},{"type":"Point","coordinates":[4841,5644]},{"type":"Point","coordinates":[4975,5056]},{"type":"Point","coordinates":[4765,4930]},{"type":"Point","coordinates":[6516,8784]},{"type":"Point","coordinates":[5994,8652]},{"type":"Point","coordinates":[6751,9215]},{"type":"Point","coordinates":[5810,8905]},{"type":"Point","coordinates":[4278,5565]},{"type":"Point","coordinates":[3992,5274]},{"type":"Point","coordinates":[3939,4698]},{"type":"Point","coordinates":[5649,5705]},{"type":"Point","coordinates":[5039,5367]},{"type":"Point","coordinates":[5782,6027]},{"type":"Point","coordinates":[5128,6212]},{"type":"Point","coordinates":[5598,6597]},{"type":"Point","coordinates":[5440,6799]},{"type":"Point","coordinates":[2455,3460]},{"type":"Point","coordinates":[3165,4521]},{"type":"Point","coordinates":[4413,5794]},{"type":"Point","coordinates":[5810,8511]},{"type":"Point","coordinates":[6261,9171]},{"type":"Point","coordinates":[3939,4912]},{"type":"Point","coordinates":[5360,5212]},{"type":"Point","coordinates":[5524,7272]},{"type":"Point","coordinates":[5724,7796]},{"type":"Point","coordinates":[5646,7676]},{"type":"Point","coordinates":[5991,7648]},{"type":"Point","coordinates":[5646,6348]},{"type":"Point","coordinates":[5859,7277]},{"type":"Point","coordinates":[5186,6432]},{"type":"Point","coordinates":[2406,4404]},{"type":"Point","coordinates":[2731,3616]},{"type":"Point","coordinates":[1525,936]},{"type":"Point","coordinates":[3414,4388]},{"type":"Point","coordinates":[4501,5136]},{"type":"Point","coordinates":[4905,5837]},{"type":"Point","coordinates":[6904,8805]},{"type":"Point","coordinates":[5733,8251]},{"type":"Point","coordinates":[4125,5077]},{"type":"Point","coordinates":[5823,6606]},{"type":"Point","coordinates":[5447,6902]},{"type":"Point","coordinates":[2237,4013]},{"type":"Point","coordinates":[3060,4776]},{"type":"Point","coordinates":[5926,8852]},{"type":"Point","coordinates":[4032,4946]},{"type":"Point","coordinates":[5414,5385]}]}},"arcs":[[[6185,1168],[3,0],[4,0],[0,-3],[-3,-4],[0,-3],[3,-3],[5,0],[0,-3],[-1,-2],[-1,-1],[0,-1],[0,-2],[3,1],[1,1],[1,-2],[1,-4],[-4,-1],[-1,-2],[-1,-4],[2,-6],[-7,7],[-6,14],[-9,27],[2,1],[1,-1],[3,-3],[2,-3],[2,-3]],[[6217,1348],[-2,-16],[-6,-5],[-6,5],[-6,13],[11,-7],[-1,4],[-2,4],[-2,3],[-2,2],[4,3],[5,0],[4,-2],[3,-4]],[[6202,1380],[-2,-3],[-2,6],[1,7],[1,5],[4,-1],[1,-4],[-1,-5],[-2,-5]],[[6201,1597],[1,-8],[-5,7],[1,3],[3,-2]],[[6175,1649],[-2,-4],[0,4],[1,2],[1,-2]],[[6166,1649],[-1,-4],[-1,4],[1,2],[1,-2]],[[3376,4802],[-3,-10],[-23,-36],[-5,-5],[-9,-6],[-5,-1],[-4,0],[-1,5],[1,3],[4,2],[5,1],[3,2],[3,8],[-3,5],[-7,3],[-8,-1],[0,4],[6,6],[-4,8],[-6,3],[-6,-23],[-5,-7],[-6,-4],[-4,-6],[6,-6],[3,-10],[-2,-8],[-6,-4],[-2,1],[-4,4],[-2,1],[-1,-1],[-4,-4],[-6,-3],[-7,-9],[-3,-2],[-6,3],[-2,8],[1,19],[1,0],[4,4],[5,9],[3,3],[1,-4],[0,-8],[-1,-6],[6,2],[5,16],[7,2],[0,3],[-5,5],[-6,4],[-4,1],[-3,0],[-3,0],[-3,3],[-5,-4],[2,-14],[-8,-9],[-14,-4],[-34,-4],[-9,-5],[-10,-8],[-5,11],[-6,-4],[-6,-9],[-7,-5],[-5,-1],[0,-4],[3,-4],[2,-5],[-2,-4],[-5,-1],[-10,0],[-7,-3],[-15,-12],[-10,-1],[-1,2],[-1,3],[-1,3],[-1,2],[-3,-1],[-2,-2],[0,-3],[-2,-1],[-8,-6],[-4,0],[-3,6],[5,6],[-3,6],[-6,7],[-4,12],[-4,6],[-1,2],[0,6],[1,4],[0,3],[-1,6],[2,1],[4,2],[2,0],[-1,5],[-3,4],[-7,4],[-5,-4],[-6,-2],[-6,0],[-12,9],[-7,-1],[-12,-8],[-11,-11],[-29,-41],[3,-6],[2,-10],[1,-7],[1,-11],[-2,-11],[-3,-5],[-5,-4],[-4,-7],[0,-21],[3,-18],[1,-17],[-10,-15],[-8,-4],[-5,-1],[-2,-4],[0,-12],[1,-8],[7,-18],[0,-7],[-3,-6],[-15,-10],[-9,-10],[-7,-5],[-4,0],[1,8],[6,6],[2,3],[2,7],[1,4],[2,-5],[4,-1],[3,3],[2,7],[-1,9],[-4,4],[-4,3],[-3,4],[-6,4],[-20,8],[-7,2],[-2,2],[-8,14],[-4,3],[-9,4],[-3,3],[-7,8],[-6,4],[-6,-1],[-7,-11],[5,0],[0,-3],[-12,-1],[-4,3],[0,7],[9,10],[6,6],[-1,4],[-3,0],[-4,5],[-19,8],[-12,-5],[-5,1],[-4,-3],[-10,-5],[-4,-1],[-8,0],[-2,1],[-1,3],[-2,1],[-2,-5],[3,-6],[1,-6],[-2,-5],[-4,-3],[-2,0],[-2,1],[0,1],[-1,3],[-1,4],[-2,0],[-1,-1],[0,-1],[-10,4],[-3,2],[-6,7],[-3,2],[-5,-2],[2,-4],[0,-2],[-2,-4],[-4,-3],[0,-3],[-1,-2],[0,-2],[-1,-1],[-3,-2],[-2,1],[-2,2],[-1,4],[-1,3],[-2,-5],[-2,-3],[-2,-1],[-3,2],[3,7],[1,8],[-2,7],[-3,4],[-2,-3],[-9,-21],[-8,-13],[-3,-4],[-16,-12],[-5,-1],[-2,6],[-3,-2],[-2,0],[-3,1],[-1,2],[-1,5],[-1,0],[-2,-2],[-3,-1],[0,-1],[-2,-2],[-2,-3],[-3,-1],[-2,2],[-1,4],[-3,5],[0,5],[2,4],[0,2],[-3,1],[-11,10],[-6,14],[-10,3],[-12,6],[-7,-16],[-15,-20],[-12,-13],[-1,-10],[-4,-4],[-5,4],[-2,4],[-4,3],[0,6],[6,-1],[3,12],[0,5],[1,7],[2,5],[-2,5],[-2,4],[2,11],[-3,6],[-8,1],[-1,5],[-2,6],[-2,5],[0,5],[4,8],[4,4],[4,3],[4,4],[3,8],[1,6],[-1,4],[-2,4],[-1,12],[-5,9],[-1,5],[-1,2],[-5,5],[-1,4],[1,4],[2,3],[2,3],[1,14],[1,6],[2,6],[4,-2],[5,-1],[5,1],[2,3],[2,2],[13,3],[5,3],[7,3],[-5,6],[-4,-1],[-13,4],[-3,1],[-2,-4],[-1,-1],[-4,2],[2,5],[3,6],[3,4],[6,5],[4,-2],[4,-4],[0,-5],[3,-2],[4,-1],[4,1],[5,2],[3,2],[4,2],[8,-5],[6,-2],[5,1],[3,-15],[4,-5],[6,0],[2,5],[4,7],[-6,8],[-1,3],[1,6],[6,-3],[5,2],[9,2],[6,2],[4,-4],[5,-10],[-5,1],[-5,5],[-3,1],[-4,-2],[-2,-4],[-2,-6],[-1,-6],[-1,-7],[2,2],[4,3],[2,1],[16,1],[12,4],[4,11],[10,0],[16,4],[-1,14],[5,6],[9,11],[2,4],[-2,10],[2,2],[7,2],[12,11],[5,6],[5,8],[1,5],[1,11],[2,2],[7,-1],[3,-1],[0,5],[0,7],[1,9],[6,2],[4,-3],[9,-2],[4,4],[1,4],[2,2],[11,-2],[11,2],[14,5],[10,6],[6,3],[6,4],[1,11],[2,4],[2,6],[7,2],[2,4],[7,8],[11,12],[13,11],[7,13],[5,5],[6,-2],[2,7],[1,10],[15,17],[7,7],[8,8],[19,18],[7,10],[11,2],[7,4],[7,7],[4,13],[9,9],[8,7],[3,5],[-1,5],[5,7],[2,6],[19,18],[9,9],[11,6],[1,6],[6,2],[8,5],[14,6],[6,5],[4,8],[4,8],[3,12],[1,8],[-1,6],[-1,7],[-5,3],[-7,6],[-3,6],[4,4],[7,1],[8,3],[6,0],[11,0],[4,1],[2,2],[-3,4],[-6,3],[4,1],[5,2],[7,2],[10,7],[10,5],[9,2],[18,1],[8,3],[8,-1],[1,12],[6,1],[7,-2],[6,2],[3,8],[3,5],[4,4],[6,-3],[3,6],[0,7],[4,-2],[5,-6],[7,-7],[5,-4],[11,5],[5,0],[6,5],[2,-2],[-3,-5],[2,-2],[4,0],[2,1],[6,4],[7,1],[7,0],[5,-4],[-4,-3],[-4,-2],[-4,-2],[-6,-2],[-4,-6],[0,-1],[-1,-6],[2,-5],[2,-7],[9,-7],[12,-7],[10,-3],[6,-2],[6,-1],[6,1],[8,17],[16,9],[11,5],[17,6],[17,-6],[32,-9],[58,6],[31,10],[9,-8],[44,8],[21,5],[8,3],[6,5],[4,10],[16,4],[3,0],[3,1],[5,7],[12,5],[17,7],[10,8],[12,9],[18,-6],[18,2],[14,0],[25,1],[10,0],[4,-2],[7,-2],[3,-6],[7,6],[5,0],[2,-6],[4,2],[5,-2],[4,-2],[7,7],[2,1],[3,1],[-1,6],[9,8],[7,1],[6,0],[5,5],[13,11],[0,6],[16,6],[16,4],[8,1],[6,5],[7,-7],[4,-9],[5,-4],[5,-9],[4,-10],[0,-9],[-2,-6],[-6,5],[-7,-6],[-4,-10],[-1,-6],[-3,-4],[-9,-12],[-6,-11],[0,-9],[3,-2],[3,0],[1,9],[4,4],[4,8],[5,3],[1,-10],[4,-2],[2,-2],[-3,-2],[-3,0],[-4,0],[-1,-7],[21,-14],[4,2],[3,3],[4,-7],[-2,-7],[-2,-4],[-3,-9],[0,-4],[1,-5],[4,4],[3,7],[4,8],[6,-1],[8,-4],[2,3],[0,11],[-9,-2],[-8,4],[-4,12],[8,8],[4,2],[9,0],[5,2],[3,4],[3,4],[1,5],[8,6],[-2,-7],[-2,-7],[6,-3],[4,-3],[-1,-8],[0,-4],[0,-3],[0,-3],[3,0],[2,1],[2,4],[4,7],[0,-8],[-2,-9],[1,-6],[6,-3],[9,0],[3,0],[3,2],[7,4],[3,6],[6,7],[8,5],[6,-4],[-1,-2],[-8,-4],[-2,-13],[-4,-3],[7,-3],[17,5],[9,0],[4,3],[4,7],[0,10],[-9,-6],[-4,9],[-6,2],[5,8],[10,4],[3,-3],[3,-7],[7,0],[5,-8],[6,-3],[7,4],[-3,2],[-3,3],[-4,11],[1,3],[3,1],[4,-4],[4,2],[5,3],[-1,3],[-2,3],[-3,3],[-1,7],[-1,2],[-5,6],[-1,6],[4,1],[5,-5],[5,-4],[4,-4],[11,3],[3,-4],[3,-3],[6,4],[4,5],[6,-1],[3,2],[1,6],[-6,6],[3,10],[0,6],[-1,6],[-4,-1],[-1,13],[9,5],[12,12],[4,-9],[0,-3],[2,-8],[3,-9],[-2,-5],[-3,0],[-2,-5],[6,-5],[1,-6],[7,2],[2,8],[2,2],[1,3],[-1,7],[3,5],[0,4],[1,9],[2,8],[0,7],[-4,9],[-4,8],[-2,6],[-7,7],[-11,15],[-6,7],[0,13],[0,10],[-8,12],[-4,6],[2,12],[8,6],[4,6],[5,15],[5,11],[4,15],[16,23],[4,11],[4,7],[5,12],[-5,10],[2,3],[6,1],[6,-1],[11,6],[26,27],[7,11],[15,9],[12,12],[15,19],[68,108],[16,32],[23,66],[1,9],[0,11],[-2,3],[-3,3],[1,4],[3,8],[2,14],[-3,9],[-5,6],[-4,16],[-3,4],[-1,10],[3,23],[-2,7],[-4,4],[-3,-1],[-1,-5],[-7,0],[-2,6],[2,12],[2,11],[3,8],[5,6],[-3,5],[5,6],[4,8],[3,8],[-3,5],[-1,13],[9,16],[11,7],[19,12],[12,4],[8,-4],[10,0],[35,23],[9,2],[6,10],[7,7],[46,17],[13,3],[15,-7],[3,-5],[-3,-9],[1,-5],[4,-4],[-1,-7],[-1,-3],[-9,-3],[-5,0],[-7,2],[-6,-3],[-5,-4],[-2,-7],[-3,-16],[4,-11],[6,-1],[-1,-7],[-1,-6],[-2,-5],[-6,-7],[-2,-4],[-7,0],[-14,4],[-18,-8],[-5,-11],[-7,-10],[-1,-10],[-5,-4],[-7,-2],[-2,-6],[-4,-3],[-11,5],[-6,5],[-5,5],[4,5],[1,3],[-3,0],[-3,-5],[-4,-1],[-1,-4],[-3,-7],[-8,-12],[-4,-14],[5,-2],[-1,-10],[-1,-3],[-7,0],[0,-10],[-2,-6],[4,-4],[6,2],[7,4],[6,-1],[10,-13],[5,-2],[8,4],[7,19],[4,3],[3,-2],[2,-9],[-2,-26],[2,-27],[-8,-13],[-1,-12],[-12,-20],[5,-16],[16,-12],[9,-10],[15,-6],[9,-7],[13,-2],[14,4],[19,-4],[11,2],[6,10],[10,8],[4,13],[4,8],[2,8],[2,7],[-2,9],[4,12],[7,6],[17,10],[28,7],[31,8],[40,20],[28,13],[34,25],[17,9],[7,9],[7,10],[22,-4],[13,3],[13,7],[25,22],[37,43],[36,26],[9,12],[6,15],[8,20],[12,22],[19,19],[9,15],[6,18],[14,59],[6,17],[10,14],[23,22],[42,34],[3,4],[7,0],[13,2],[27,14],[8,6],[21,19],[33,42],[6,9],[2,8],[10,97],[3,18],[6,19],[12,25],[17,47],[6,19],[9,16],[28,30],[11,16],[8,17],[13,59],[14,42],[3,14],[2,17],[2,8],[4,9],[1,9],[1,19],[2,15],[4,17],[5,12],[10,5],[10,14],[8,38],[10,45],[3,91],[0,14],[-7,19],[0,12],[-3,14],[-8,13],[-12,13],[-14,9],[-15,-3],[-4,-5],[-3,-5],[-3,-4],[-6,-2],[-21,0],[-3,4],[-4,12],[-3,5],[-7,10],[-1,10],[5,3],[-6,4],[-1,13],[0,8],[14,-11],[19,-9],[7,-1],[14,11],[12,16],[24,50],[5,21],[-2,10],[5,15],[2,6],[3,46],[2,10],[-4,6],[-5,5],[-11,12],[-6,7],[-1,7],[1,21],[0,20],[-1,11],[-3,5],[-1,7],[-4,8],[-13,-2],[-6,3],[1,9],[6,8],[7,8],[8,2],[4,11],[7,4],[3,7],[6,11],[3,12],[16,12],[7,-1],[8,-8],[5,-2],[4,0],[6,2],[5,6],[14,12],[6,-4],[7,2],[6,6],[4,8],[8,29],[4,29],[3,8],[-1,12],[2,10],[1,13],[6,-11],[3,-3],[4,-3],[2,-3],[4,1],[-2,12],[-2,4],[2,3],[3,1],[4,-2],[3,0],[-1,4],[-2,2],[-6,0],[-4,0],[-5,0],[-2,2],[-1,3],[-3,-2],[-2,-2],[-1,2],[0,12],[0,6],[-7,13],[-6,4],[-6,1],[-5,1],[-1,5],[3,2],[9,1],[7,-2],[5,6],[3,11],[1,9],[-1,4],[0,5],[1,12],[3,4],[-1,6],[1,3],[6,-5],[6,-5],[4,-1],[6,-8],[8,-12],[9,-7],[7,0],[8,7],[5,10],[8,3],[14,-3],[13,-12],[3,-11],[-2,-12],[-1,-14],[-1,-5],[0,-6],[2,-9],[1,-15],[5,-15],[6,-53],[9,-20],[16,-9],[15,2],[10,13],[7,8],[6,15],[-1,3],[-1,6],[1,3],[1,2],[-2,1],[-3,-1],[-2,1],[-2,3],[2,1],[4,1],[0,3],[0,4],[3,2],[0,3],[1,3],[3,8],[2,2],[5,-1],[3,-6],[8,-1],[3,-2],[3,-6],[3,-3],[5,-5],[0,-3],[-1,-1],[-1,-3],[0,-3],[1,-1],[4,-1],[6,-2],[8,-6],[4,-1],[4,1],[3,-3],[2,-5],[3,-7],[3,-2],[6,-4],[5,0],[6,3],[6,6],[7,9],[13,36],[3,13],[2,32],[2,7],[-1,4],[2,6],[4,3],[3,5],[1,9],[-2,14],[-5,12],[-6,12],[-10,13],[-7,6],[-7,0],[-3,-6],[-2,-4],[-3,-4],[0,-2],[2,-1],[2,4],[2,2],[1,1],[0,-1],[-1,-3],[-3,-5],[-11,-11],[-6,-2],[-7,-6],[-4,-6],[-8,1],[-9,5],[-5,-1],[-4,1],[-5,-3],[-5,-8],[-13,0],[-5,-4],[-5,1],[-4,-1],[-11,-9],[-5,-8],[-5,0],[-11,8],[0,18],[0,6],[4,5],[3,13],[-2,8],[4,12],[2,12],[2,8],[0,4],[3,4],[3,13],[1,11],[3,14],[6,6],[10,17],[4,4],[1,3],[2,9],[0,6],[-2,5],[1,2],[1,4],[2,4],[4,-6],[8,-5],[4,-6],[5,-6],[5,-3],[3,-2],[6,-1],[14,-1],[14,-9],[11,-14],[5,-7],[7,-6],[1,-4],[4,-5],[13,-9],[13,-6],[13,-1],[10,4],[11,6],[9,8],[7,7],[5,6],[4,6],[1,-2],[1,-3],[-2,-3],[1,-5],[0,-1],[-3,-2],[1,-2],[1,-2],[-1,-5],[-4,-5],[-1,-7],[-3,-10],[-3,-8],[-4,-27],[-2,-12],[0,-5],[-4,-28],[1,-10],[1,-5],[-1,-6],[0,-6],[1,-5],[-4,-29],[1,-25],[1,-20],[0,-6],[5,-49],[5,-43],[5,-26],[10,-36],[4,-9],[3,-6],[9,-11],[4,-3],[5,0],[4,4],[5,1],[2,-4],[3,-5],[11,-10],[18,-24],[3,-4],[10,-14],[2,-9],[5,-4],[4,-7],[1,-5],[5,-12],[1,-3],[1,-5],[2,-4],[6,-8],[8,-19],[4,-12],[-2,-5],[-4,-1],[-3,-4],[-1,-5],[1,-4],[4,-4],[9,-4],[3,-4],[4,-9],[-3,-6],[-6,-5],[-3,-10],[1,-11],[4,-8],[21,-21],[4,-3],[3,-1],[3,-2],[2,-10],[1,-5],[1,-5],[-2,-5],[-4,-6],[-1,-3],[4,-8],[2,-4],[2,-3],[2,-4],[1,-15],[1,-6],[8,-29],[1,-2],[-1,-3],[1,-3],[1,-3],[-1,-4],[-4,-5],[-1,-2],[-2,-11],[-1,-21],[-1,-7],[-4,-10],[-2,-7],[2,-6],[15,18],[8,1],[-2,-4],[-1,-3],[1,-3],[2,-3],[-3,-8],[1,-5],[9,-10],[2,-1],[1,-2],[1,-3],[-1,-4],[-1,-2],[-2,-1],[-1,-4],[-2,-1],[-11,-16],[-5,-4],[-11,-5],[-4,-5],[6,-8],[8,1],[7,7],[3,9],[3,2],[4,-3],[3,-5],[-4,-3],[-2,-2],[-1,-7],[0,-8],[-2,-3],[-7,-1],[-3,-1],[-3,1],[-3,-1],[-3,-3],[-7,-7],[-4,-3],[8,-4],[-3,-7],[-9,-7],[-7,-8],[7,-2],[7,2],[6,5],[5,5],[1,-11],[-7,-7],[-15,-8],[2,-2],[2,-4],[1,-4],[-2,1],[-6,-1],[-3,0],[0,-6],[0,-6],[11,0],[5,0],[1,-10],[-7,-7],[-9,-4],[-7,2],[1,-7],[4,-3],[10,0],[-3,-8],[-7,-5],[-8,-2],[-8,-1],[5,-7],[16,-13],[1,-6],[-7,-4],[-18,7],[-6,-6],[14,-8],[4,-5],[-4,-2],[-4,-1],[-4,0],[-4,0],[0,-4],[4,-2],[4,-4],[3,-4],[-3,-2],[-13,3],[-13,-2],[-7,1],[-6,4],[0,-7],[2,-5],[3,-5],[2,-5],[-4,0],[-3,-1],[-4,-6],[4,-2],[2,-4],[-1,-5],[-4,-2],[-4,2],[-5,4],[-3,6],[-2,4],[4,3],[2,4],[-13,1],[-4,-6],[0,-9],[2,-20],[7,-23],[2,-10],[-7,6],[-1,2],[-1,6],[-1,3],[-2,1],[-2,0],[-2,-2],[-2,0],[-6,-1],[-4,-1],[-1,-4],[0,-9],[1,-9],[1,-4],[-1,-4],[-4,-5],[-14,-13],[-3,-6],[3,-2],[2,-3],[4,-7],[6,-6],[1,-5],[-2,-7],[-2,-2],[-2,2],[-1,2],[-2,0],[-2,-2],[-4,-6],[-3,-3],[-8,-3],[-3,-2],[-6,-6],[0,-2],[4,-5],[3,-2],[15,-1],[1,-3],[-2,-7],[-3,-7],[-2,-3],[-15,-13],[5,-5],[6,-8],[5,-3],[4,7],[5,-8],[1,-7],[0,-7],[-1,-10],[-4,1],[-2,3],[-2,4],[-1,4],[-5,-17],[-2,-5],[2,-1],[1,-2],[1,-1],[1,-2],[-9,-3],[-3,-3],[-1,-2],[3,-6],[-1,-4],[1,-4],[3,-4],[4,4],[6,1],[6,-2],[4,-6],[-5,2],[-5,0],[-3,-2],[-3,-7],[8,-5],[1,-10],[1,-10],[4,-7],[-2,-4],[-4,-12],[-2,1],[-9,10],[-2,2],[-5,0],[-2,1],[-1,4],[1,3],[1,2],[0,3],[-3,3],[-10,6],[2,3],[3,10],[-4,5],[-3,0],[-3,-2],[-4,0],[-4,2],[-3,2],[-7,8],[-7,3],[-9,-1],[-24,-6],[-9,-4],[-7,-7],[-3,-11],[1,-11],[-1,0],[-6,0],[-2,3],[-5,19],[-2,-2],[-3,-1],[-3,1],[-3,2],[-6,-5],[-4,-6],[-4,-9],[-1,-9],[3,2],[3,1],[3,-2],[2,-4],[-1,-4],[-3,-2],[-3,-2],[-3,-3],[-11,-16],[-10,-18],[-7,-17],[-13,-57],[-2,-20],[0,-19],[4,-35],[0,-1],[9,-18],[11,-24],[3,-17],[2,-6],[3,-5],[1,-6],[0,-10],[-1,-3],[-3,-7],[-1,-3],[2,-3],[4,-6],[1,-5],[4,-127],[-1,-15],[-7,-35],[0,-15],[-3,-6],[0,-43],[0,-6],[-6,-15],[-4,-41],[-5,-17],[-11,-13],[-3,-1],[-8,-2],[-10,-9],[-8,-2],[-5,-7],[-3,-1],[-2,-3],[-1,-5],[0,-8],[-1,-5],[-2,-4],[-13,-25],[-3,-8],[-16,-70],[-17,-37],[-5,-16],[-5,-34],[0,-7],[5,-18],[0,-8],[-2,-12],[-13,-15],[-4,-11],[0,-17],[4,-40],[10,-31],[12,-38],[46,-96],[13,-23],[4,-8],[3,-3],[3,-1],[1,0],[3,-3],[2,-4],[-3,-11],[-3,-4],[-4,4],[-3,4],[-3,4],[-8,-2],[-11,-6],[-16,-6],[-1,7],[-18,-5],[-21,-17],[-36,-40],[-20,-36],[-12,-51],[6,-24],[3,-13],[-3,-20],[-2,-18],[-1,-11],[-6,-10],[-9,2],[-6,-11],[1,-7],[-4,-6],[-5,2],[-3,6],[-5,-7],[-9,1],[-5,-10],[-12,1],[-14,2],[-7,2],[-9,-12],[-2,-10],[-8,-8],[-6,0],[-11,-10],[-10,-8],[-3,-6],[-2,-8],[-4,-7],[0,-8],[0,-8],[-3,-7],[-3,-4],[-6,-5],[-8,-2],[-6,-1],[-4,2],[-5,-2],[-4,-1],[-1,3],[-5,3],[0,4],[0,7],[-4,4],[-10,5],[-7,1],[-2,4],[0,5],[4,0],[6,-1],[4,0],[4,1],[4,3],[2,4],[4,0],[6,-2],[3,2],[1,4],[-1,7],[-4,3],[-6,3],[0,5],[3,4],[1,5],[0,6],[-3,9],[-1,5],[0,17],[-5,10],[1,6],[-1,7],[1,7],[9,7],[4,4],[1,11],[-6,12],[0,10],[-13,6],[-8,4],[-1,2],[7,-1],[7,5],[0,9],[5,6],[2,8],[15,-6],[5,7],[0,6],[-2,15],[4,5],[9,4],[6,6],[7,1],[8,7],[4,9],[7,10],[10,14],[6,-1],[2,7],[2,5],[-5,0],[-1,9],[-2,8],[-5,6],[-5,7],[-5,5],[-7,9],[-5,-2],[-3,6],[-11,2],[-10,-5],[6,-12],[-8,-6],[-5,-4],[-2,4],[-4,1],[-3,2],[-2,1],[-4,2],[-3,-4],[-2,-6],[-4,4],[-1,7],[-4,0],[-2,-9],[-4,-8],[-5,7],[1,11],[-4,6],[-2,-10],[3,-15],[6,-9],[0,-6],[4,-13],[-4,-6],[1,-7],[-1,-1],[-2,-4],[-11,-8],[-10,-10],[-9,-1],[-6,3],[-5,-2],[-3,-5],[6,-3],[6,-4],[2,-3],[-2,-6],[2,-9],[-4,0],[-8,5],[-4,-4],[2,-6],[4,-6],[0,-17],[-2,-6],[0,-8],[0,-6],[3,-5],[2,5],[4,-3],[5,-11],[13,-1],[4,-8],[-6,-7],[1,-2],[0,-2],[1,-1],[-2,-8],[-12,1],[-8,-7],[-1,-7],[3,-9],[3,-5],[1,-4],[-3,-2],[-3,0],[-8,2],[-5,-4],[-3,1],[-1,4],[1,5],[0,10],[-4,13],[7,5],[-2,3],[-5,2],[-2,7],[-9,14],[-1,4],[-2,5],[-4,0],[-1,10],[-6,-3],[-6,1],[-6,-2],[-7,6],[-17,3],[-27,-7],[-15,-4],[-16,-5],[-16,-10],[-12,-13],[-1,-24],[5,-23],[-12,7],[-11,-19],[-3,-17],[-1,-10],[10,-2],[-1,-8],[-2,-9],[-3,-7],[4,-11],[10,-4],[4,-11],[2,-17],[-3,-16],[-7,-2],[-6,-5],[-4,-7],[-1,-6],[-3,-9],[-5,-8],[-3,-7],[-2,-5],[-6,-1],[-2,-5],[-3,-4],[-4,-6],[2,-5],[-2,-3],[-3,-7],[-1,-8],[1,-9],[2,-7],[-4,-3],[-3,1],[-3,3],[-7,4],[-15,-15],[-11,-7],[-8,-8],[-5,3],[-5,5],[-3,6],[-8,10],[2,7],[-1,4],[-2,2],[-3,1],[-2,2],[-2,4],[0,9],[-1,9],[4,4],[2,5],[4,2],[-5,14],[-3,15],[3,7],[1,8],[0,1],[0,10],[-2,5],[2,7],[5,5],[4,1],[-4,7],[-1,4],[-3,12],[-1,11],[5,11],[3,11],[13,-2],[9,-2],[7,1],[6,0],[4,5],[-17,22],[-5,10],[-12,10],[-19,7],[-15,1],[-11,-5],[-8,-5],[-16,-1],[-11,-9],[-8,-21],[-10,-8],[-1,-15],[4,-5],[0,10],[5,3],[3,-1],[-6,-17],[-14,-10],[-13,-7],[-9,-5],[-11,-8],[-4,-6],[-3,-7],[-3,-7],[-3,-9],[1,-4],[4,-9],[-5,-9],[-4,-4],[-7,-16],[-14,-12],[-11,-13],[-4,-24],[-3,-9],[2,-9],[8,-3],[5,-6],[-2,-4],[-14,3],[-46,25],[-26,6],[-24,0],[-32,-13],[-35,15],[-29,3],[-15,0],[-39,-5],[-28,-9],[-64,-27],[-14,1],[-17,-6],[-4,0],[-5,0],[2,5],[2,4],[4,9],[4,14],[6,8],[9,-12],[1,-3],[2,-4],[3,4],[1,2],[5,4],[5,3],[5,2],[9,8],[14,11],[6,3],[8,13],[5,-1],[0,-10],[-1,-8],[2,0],[3,8],[-1,9],[8,-3],[2,3],[-9,5],[3,8],[1,6],[-1,3],[-7,11],[-6,5],[-4,-2],[-7,3],[-8,3],[-4,-6],[-5,2],[-1,-9],[-1,-9],[-5,-3],[0,10],[-5,-1],[-5,3],[-6,0],[-7,-2],[-4,-4],[-5,4],[-7,-3],[-7,1],[-3,2],[-6,9],[-2,2],[-6,8],[-6,4],[2,12],[6,19],[-1,12],[-3,-6],[-4,-13],[-6,-11],[-3,-7],[-1,-8],[-4,-25],[4,-6],[3,-8],[9,-5],[3,-10],[0,-8],[-9,1],[-10,6],[-12,8],[-7,5],[-3,6],[-1,8],[3,9],[2,8],[2,8],[0,7],[-3,9],[-4,7],[-5,0],[-1,11],[-1,11],[0,9],[1,8],[3,8],[3,8],[5,9],[2,8],[5,9],[1,13],[1,8],[-5,2],[-4,-15],[-3,-10],[-2,10],[0,6],[-4,2],[3,-21],[-9,-3],[-1,10],[-3,0],[0,-11],[-7,-2],[-8,3],[-2,-2],[-7,2],[-14,-12],[-7,-8],[-3,-7],[0,-3],[-2,-5],[0,-2],[0,-3],[6,-1],[-5,-5],[0,-8],[-2,-11],[-8,-16],[-16,-26],[-10,-16],[-3,-21],[-1,-9],[-1,-10],[1,-2],[3,-7],[1,-2],[4,-2],[-1,-6],[-1,-6],[0,-5],[3,-7],[6,-2],[14,0],[6,-3],[6,-5],[4,-6],[5,-6],[24,-19],[16,-9],[4,-4],[3,2],[5,0],[4,-2],[3,-3],[2,-6],[1,-5],[1,-4],[3,-5],[4,-2],[4,1],[3,0],[2,-5],[1,-5],[-3,-17],[-4,2],[-4,0],[-3,-1],[-2,-5],[1,-3],[2,-2],[4,-2],[4,1],[-5,-6],[-2,-3],[-2,-4],[3,-5],[2,-8],[1,-8],[-2,-8],[-3,-3],[-11,-5],[-5,-1],[-6,0],[-8,3],[-6,4],[0,5],[4,2],[7,-1],[7,-4],[4,-3],[-1,3],[0,4],[-1,3],[4,-4],[2,10],[-3,6],[-6,3],[-6,-3],[0,-3],[0,-1],[0,-2],[0,-3],[-11,9],[-6,-5],[-10,-2],[-7,2],[2,7],[5,9],[-6,2],[-10,-4],[-8,-6],[6,-2],[-1,-5],[-3,-6],[-11,-5],[-5,-5],[-5,-1],[-5,9],[-2,-3],[-2,-1],[-1,-2],[0,-4],[-9,5],[-3,1],[-2,-5],[-1,-5],[-2,-2],[2,-8],[-3,-1],[-10,5],[-15,-12],[-3,-4],[-11,0],[-15,-10],[-12,-14],[-1,-13],[4,-4],[3,-1],[0,-3],[-1,-6],[-2,-3],[-3,-2],[-3,-1],[-2,-1],[-3,2],[-4,9],[-3,2],[-2,-2],[-5,-10],[-4,-4],[0,-3],[5,0],[3,-2],[2,-4],[1,-6],[6,-7],[3,-5],[-1,-2],[-1,-3],[0,-12],[0,-4],[-5,-3],[-4,3],[-3,5],[-2,5],[-4,-6],[-4,-4],[0,-3],[7,-2],[2,-6],[-2,-5],[-5,3],[-2,-8],[-2,-3],[-11,-2],[-2,-2],[-2,-3],[-3,-6],[-2,-1],[-4,-1],[-7,1],[-11,-21],[-17,-53],[-7,-22],[-1,-2],[-4,-14],[-6,-5],[-1,-8],[-7,-3],[1,-7],[7,-5],[-5,-7],[-11,-14],[-5,-3],[-3,-6],[-19,-7],[-6,-4],[-3,-5],[-5,-10],[2,-9],[0,-6],[-6,2],[-4,-6],[-2,9],[6,7],[-2,7],[-31,4],[-10,2],[-47,22],[-15,4],[-12,11],[-3,4],[-4,6],[0,6],[2,5],[-4,9],[-2,3],[-1,0],[-4,5],[-5,1],[-5,7],[5,10],[12,2],[7,2],[-3,6],[-17,14],[-6,4],[-3,6],[-6,-1],[-9,8],[-11,1],[0,7],[-11,8],[-8,11],[-6,18],[-11,8],[-6,-2],[-11,-2],[-2,-2],[0,4],[2,3],[-3,3],[2,2],[5,0],[0,6],[-3,5],[5,6],[5,6],[-2,2],[-6,0],[0,8],[5,7],[7,1],[5,2],[8,6],[3,7],[0,7],[-3,4],[-6,4],[-8,4],[-5,1],[7,16],[0,1],[3,1],[1,1],[1,2],[0,4],[-3,7],[8,1],[13,-1],[1,6],[-4,8],[-4,10],[-6,-1],[-4,20],[-5,7],[-9,8],[-10,3],[4,9],[10,15],[34,12],[15,16],[8,9],[13,15],[10,18],[7,8],[0,11],[0,6],[6,2],[2,4],[3,4],[2,8],[0,10],[0,14],[-2,12],[-1,11],[3,16],[-5,-3],[-6,-2],[-5,3],[-8,9],[-7,0],[-10,-1],[0,-12],[-11,-1],[1,11],[-12,-5],[8,-19],[-10,2],[-3,11],[-6,-1],[0,-11],[-24,-5],[-10,-6],[-11,-2],[-9,8],[-12,0],[-6,1],[-8,11],[-9,5],[-6,6],[-18,15],[-11,4],[-12,12],[-6,5],[-15,4],[-42,-4],[-2,1],[-2,1],[-2,1],[-2,-2],[-1,-1],[-2,-2],[-2,-1],[-2,0],[-5,0],[-3,2],[-2,4],[1,6],[-2,0],[-2,-2],[-2,-2],[-1,-4],[0,-4],[-1,0],[-1,1],[-2,-1],[-9,-14],[-2,-3],[-5,1],[-3,2],[-3,3],[-3,1],[-4,-2],[-3,-4],[-2,-5],[1,-5],[-9,0],[-16,5],[-10,1],[-8,5],[-4,0],[2,-8],[4,-2],[16,-4],[-2,-1],[-6,-1],[-3,-2],[-6,-11],[-2,-2],[-2,-1],[-5,-4],[-6,-2],[-3,-1],[-4,-4],[2,-2],[2,-1],[3,1],[4,2],[-4,-11],[-10,-8],[-11,-5],[-10,-2],[-4,2],[-7,9],[-6,2],[-11,0],[-5,-2],[-8,-6],[-6,-2],[-4,-5],[2,-8],[4,-3],[5,5],[8,11],[6,3],[6,1],[5,-2],[3,-5],[0,-8],[-4,-6],[-5,-4],[-4,-4],[1,-2],[0,-1],[1,-4],[-9,4],[-5,-10],[-4,-16],[-6,-10],[-25,5],[-12,0],[2,-12],[-11,3],[-4,9],[-4,12],[-8,8],[-2,-1],[-2,2],[-2,4],[-1,6],[-2,-4],[-5,3],[-5,-3],[-5,-4],[-9,-5],[-15,-9],[-3,-3],[-1,-3],[-2,-3],[-2,-1],[-6,-2],[-3,-1],[-1,-3],[-2,-1],[-20,-10],[12,18],[5,10],[-7,4],[-4,-1],[-7,-6],[-3,-2],[-9,0],[-4,-2],[-1,-8],[2,-3]],[[5417,3875],[5,-14],[-6,6],[1,8]],[[5445,4146],[-3,-4],[-5,1],[-6,3],[-5,5],[-3,10],[-11,18],[-1,7],[4,6],[5,2],[8,-7],[7,-5],[8,-3],[8,-5],[4,-9],[-2,-6],[-8,-13]],[[5373,4526],[-4,-2],[-5,1],[-4,3],[0,9],[4,7],[5,0],[3,-3],[1,-2],[3,-6],[-1,-3],[-2,-4]],[[5345,4611],[-9,-1],[-6,12],[2,15],[9,9],[11,0],[6,-11],[-4,-15],[-9,-9]],[[5264,4751],[-5,-7],[-5,9],[1,6],[3,16],[2,4],[3,3],[4,6],[3,1],[0,-8],[-2,-15],[-4,-15]],[[5319,4912],[-4,-1],[-6,0],[-20,12],[-3,8],[0,22],[2,14],[14,-4],[5,-4],[7,-4],[4,-7],[2,-9],[0,-10],[0,-12],[-1,-5]],[[7352,8998],[4,-1],[11,-3],[4,-2],[-2,-5],[-3,-1],[-7,-1],[-3,-2],[-6,-9],[-4,-2],[-13,-3],[-3,-2],[-5,-5],[-3,-1],[-9,2],[-5,-1],[-3,-3],[-2,-5],[-3,-4],[-8,-9],[-3,-4],[-2,-5],[-2,-12],[-2,-5],[-2,-4],[-9,-13],[4,-2],[-4,-2],[-6,1],[-7,2],[-8,6],[-6,-1],[-10,-4],[-32,0],[-8,-4],[-7,-8],[-8,-4],[-25,-4],[-5,-2],[-4,-3],[-2,-7],[1,-8],[4,-2],[5,0],[5,-2],[-3,-5],[-3,-2],[-12,-1],[-1,-2],[-1,-3],[-2,-4],[-7,-5],[-8,0],[-16,5],[6,-11],[2,-5],[-1,-6],[-3,-4],[-5,-1],[-21,-4],[-11,1],[-10,4],[-9,9],[0,4],[1,6],[-1,5],[-6,2],[-4,1],[-2,0],[-2,0],[-2,-1],[-2,-2],[-4,-6],[-2,-1],[-3,-3],[-3,-6],[-3,-7],[-1,-5],[2,-7],[4,-5],[5,-5],[4,-4],[-13,-5],[-46,11],[-25,-2],[-8,-5],[-10,2],[-24,9],[-3,2],[-3,4],[-1,4],[-1,5],[-3,5],[-4,2],[-7,0],[-45,-13],[-45,-23],[-51,-39],[-30,-41],[-49,-45],[-21,-27],[-41,-69],[-32,-64],[-5,-20],[-2,-22],[3,-27],[1,-10],[-1,-10],[-1,-11],[-9,-38],[-4,-10],[-8,-8],[-5,-21],[-3,-7],[-5,2],[-8,7],[-6,7],[-3,5],[-3,9],[-8,9],[-8,8],[-50,36],[-65,25],[-68,44],[-28,9],[-58,45],[-18,21],[-18,23],[-34,5],[-26,18],[-18,23],[-5,3],[-7,2],[-23,14],[-29,9],[-29,-1],[-28,-7],[-39,-17],[-54,-45],[-9,-5],[-6,-6],[-4,-2],[-4,0],[-3,-2],[-4,-2],[-25,-19],[-5,-7],[-19,-29],[-5,-5],[-3,-2],[-4,0],[-4,0],[-4,2],[-3,3],[-2,4],[-2,4],[1,2],[13,-3],[3,1],[1,6],[-4,3],[-9,3],[-7,5],[-3,4],[-1,4],[-4,19],[-54,67],[-15,7],[-8,0],[-21,-4],[-23,4],[-8,0],[-14,-7],[-13,-12],[-11,-16],[-18,-34],[-7,-19],[-5,-20],[-2,-21],[3,-21],[9,-12],[33,-20],[11,-9],[24,-29],[6,-2],[7,1],[12,4],[21,2],[6,2],[7,4],[19,-15],[5,-13],[15,-24],[6,-6],[12,-9],[5,-6],[22,-30],[5,-6],[7,-4],[7,-2],[8,-1],[8,-2],[7,-5],[25,-25],[5,-9],[-3,-4],[-15,-2],[-7,-4],[-6,-4],[-19,-22],[-12,-5],[-15,5],[-28,17],[-16,5],[-16,0],[-14,-9],[-7,-2],[-3,6],[2,7],[6,4],[3,5],[-2,9],[-6,6],[-8,2],[-7,-1],[-7,-6],[-3,-8],[-5,-20],[-4,-9],[-19,-11],[-3,-3],[-4,-3],[-17,-6],[-5,-3],[-7,-17],[4,-38],[-4,-15],[-10,-8],[-41,-15],[-5,-4],[-5,-8],[-5,-9],[-2,-9],[-4,-8],[-8,1],[-15,8],[-3,0],[-6,-3],[-3,0],[-4,1],[-8,7],[-3,2],[-5,3],[-3,9],[-5,20],[-9,27],[-2,10],[2,10],[6,15],[5,29],[17,30],[4,19],[1,2],[7,-1],[3,0],[3,5],[1,4],[0,11],[0,2],[-2,4],[0,3],[1,2],[2,2],[4,3],[0,5],[1,8],[1,3],[-2,7],[-2,9],[-1,9],[3,7],[-11,13],[-16,33],[-11,12],[-32,15],[-6,9],[-1,2],[-1,2],[-7,14],[-3,2],[-10,4],[-14,13],[-4,5],[-3,11],[-3,19],[2,9],[3,10],[14,24],[3,10],[4,21],[0,21],[-5,35],[3,18],[11,17],[13,7],[31,2],[8,2],[5,4],[14,18],[3,3],[3,1],[4,1],[3,2],[2,4],[9,18],[4,7],[5,2],[8,-6],[7,-13],[5,-6],[7,-2],[7,6],[2,11],[0,11],[3,5],[6,3],[4,9],[8,19],[5,7],[22,24],[14,10],[6,8],[2,9],[-4,6],[-4,8],[-3,10],[-2,7],[-16,24],[-10,12],[-13,11],[-9,13],[-3,19],[10,35],[16,0],[8,1],[6,5],[1,5],[1,5],[2,4],[2,3],[5,-1],[4,-3],[3,-4],[3,-2],[5,-2],[28,-22],[6,-6],[9,-14],[7,-5],[23,-12],[3,-4],[5,-7],[3,-2],[5,-1],[33,5],[24,11],[8,1],[3,-3],[-3,-6],[-3,-8],[6,-9],[3,-1],[12,-1],[14,-6],[8,-2],[6,-5],[4,-1],[6,1],[5,1],[8,5],[25,20],[21,25],[9,14],[8,17],[6,21],[0,22],[-5,12],[-18,30],[-3,12],[1,9],[4,8],[5,9],[-6,18],[-3,5],[1,9],[-7,20],[-2,11],[2,9],[4,11],[9,17],[5,5],[8,6],[7,3],[14,3],[6,2],[6,4],[18,16],[10,13],[8,16],[6,22],[3,19],[1,20],[-5,98],[3,17],[27,53],[14,81],[1,21],[-4,58],[-9,56],[-11,33],[-43,98],[-4,20],[3,21],[2,3],[6,8],[3,5],[1,5],[1,4],[1,4],[7,13],[0,7],[-3,15],[-1,8],[1,7],[3,8],[5,6],[4,-3],[2,-4],[1,-5],[0,-6],[2,-4],[4,-1],[7,4],[15,2],[16,4],[11,8],[4,2],[2,2],[0,6],[0,6],[1,5],[5,8],[8,7],[8,2],[5,-5],[6,-14],[3,-5],[5,-3],[5,-3],[12,-26],[13,-14],[28,-21],[12,-13],[103,-132],[24,-53],[5,-10],[11,-8],[16,-28],[62,-75],[11,-6],[13,-22],[20,-15],[24,-27],[28,-24],[6,-2],[6,-3],[12,-14],[6,-5],[14,-4],[3,-3],[6,-14],[0,-2],[9,-11],[3,-2],[47,-31],[72,-30],[0,-3],[-26,4],[-5,-4],[2,-3],[7,-8],[2,-3],[5,-18],[3,2],[1,1],[5,-5],[4,-3],[4,-1],[47,-1],[3,-1],[9,11],[6,5],[5,1],[39,-2],[10,-5],[6,-6],[0,-1],[-4,-1],[-6,-4],[-4,-6],[-7,-23],[11,-5],[4,0],[5,2],[3,5],[4,7],[3,8],[1,7],[4,14],[9,3],[7,-5],[-3,-13],[4,-14],[4,-6],[5,-3],[2,-3],[6,-16],[3,-3],[2,-2],[14,-11],[5,-3],[12,-3],[45,-9],[55,-5],[15,4],[14,9],[37,44],[29,35],[4,6],[23,15],[15,17],[6,2],[5,5],[16,31],[12,13],[7,8],[3,9],[1,3],[3,2],[3,0],[3,-9],[5,-11],[2,-5],[0,-21],[-7,-17],[-19,-27],[-4,-10],[-3,-23],[-3,-7],[-29,-39],[-8,-16],[-7,-16],[-6,-17],[3,-9],[-1,-10],[-4,-9],[-3,-10],[-5,-7],[-1,-5],[0,-6],[1,-4],[13,-31],[5,-8],[21,-23],[4,-7],[4,-8],[2,-9],[1,-11],[1,-3],[5,-5],[1,-7],[4,-12],[9,-40],[7,-18],[10,-16],[16,-12],[-10,-2],[-21,18],[-9,3],[-3,-4],[-1,-5],[2,-5],[5,-2],[6,-2],[6,-3],[1,-3],[-5,-2],[6,-7],[9,-5],[11,-3],[27,-3],[8,-4],[8,-7],[1,5],[-3,4],[-3,4],[-2,6],[2,4],[12,11],[14,16],[4,3],[8,3],[4,2],[2,3],[1,3],[2,4],[4,3],[5,1],[15,-1],[3,1],[4,4],[2,1],[2,0],[1,-1],[1,-1],[1,-1]],[[275,93],[7,-9],[7,2],[12,-2],[12,-5],[8,-6],[0,-12],[-6,-17],[-14,-22],[-7,-1],[-34,11],[-20,2],[-5,6],[5,12],[1,-1],[1,-1],[3,-1],[3,6],[3,-3],[4,-3],[4,2],[2,4],[1,16],[4,18],[1,4],[1,4],[2,0],[3,-1],[2,-3]],[[21,123],[4,-2],[1,-5],[-3,-5],[-4,-4],[-3,1],[-13,-1],[-3,2],[0,5],[2,5],[4,3],[4,0],[11,1]],[[426,109],[-2,-20],[-4,-18],[-10,-12],[-11,-2],[-12,4],[-6,9],[7,11],[-3,3],[-2,6],[-2,5],[-5,2],[-5,1],[-4,4],[0,3],[6,2],[2,3],[3,8],[1,2],[5,1],[1,-3],[0,-3],[2,-2],[3,-3],[2,-2],[4,-1],[8,0],[3,1],[3,2],[4,7],[2,8],[3,8],[6,3],[3,4],[11,28],[4,8],[2,1],[3,-3],[1,-6],[-2,-4],[-2,-4],[-3,-9],[-12,-22],[-4,-20]],[[730,278],[-12,-2],[-5,2],[-4,6],[0,5],[3,2],[3,1],[0,5],[2,5],[4,0],[6,-3],[2,-1],[3,-5],[2,-9],[-4,-6]],[[779,268],[3,-2],[7,2],[5,-2],[7,-5],[6,-5],[3,-6],[-3,-4],[-7,-2],[-12,-2],[-27,-1],[-14,4],[0,8],[1,6],[4,26],[1,17],[-2,6],[-3,8],[1,-1],[3,-1],[4,-2],[1,-1],[2,-2],[2,-6],[4,-13],[3,-6],[1,-3],[10,-13]],[[215,717],[0,-1],[-2,1],[1,3],[1,-3]],[[190,727],[-5,-2],[0,6],[6,2],[2,0],[3,-6],[-6,0]],[[237,806],[-1,-1],[0,1],[1,0]],[[1424,916],[-2,-5],[-3,2],[0,6],[-1,4],[0,3],[2,10],[2,6],[3,1],[2,-3],[1,-2],[0,-4],[-1,-6],[-2,-6],[-1,-6]],[[1242,982],[-2,-1],[-2,1],[-2,2],[-2,2],[-1,3],[-2,7],[-6,3],[-7,3],[-5,4],[-2,6],[3,5],[5,3],[6,2],[3,0],[6,-1],[6,-4],[4,-5],[3,-8],[0,-4],[-1,-5],[-2,-4],[-2,-3],[0,-2],[0,-2],[0,-2]],[[1387,1114],[-3,-3],[-3,0],[-4,-1],[-2,2],[2,5],[3,3],[3,1],[3,-2],[1,-5]],[[1569,1184],[0,-13],[-8,-2],[-9,4],[-1,8],[5,2],[8,-1],[5,2]],[[1730,1170],[-1,-2],[-1,0],[-1,1],[-1,-1],[-11,-23],[-6,-9],[-9,-3],[-14,-1],[-5,-3],[-2,-3],[-3,-5],[-2,-5],[-1,-4],[1,-2],[2,0],[1,-2],[0,-4],[-1,-4],[-1,-1],[-2,0],[-8,-4],[-6,-1],[-6,0],[-5,3],[-6,-11],[-17,-23],[-4,-3],[-4,0],[-3,-2],[-1,-7],[-2,-2],[-22,0],[-4,-1],[-3,-2],[-4,-7],[2,-4],[3,-2],[4,-3],[1,-6],[1,-14],[2,-6],[3,-6],[7,-7],[3,-7],[-5,-2],[-7,3],[-6,4],[-7,2],[-4,-4],[-16,-39],[-3,-7],[0,-9],[2,-6],[5,0],[6,2],[4,-1],[-3,-10],[-5,-12],[-7,-9],[-7,2],[-4,-5],[-5,-12],[-5,-2],[-19,0],[2,17],[-7,33],[1,11],[6,-1],[6,8],[5,12],[3,10],[5,-1],[5,7],[2,9],[1,5],[-1,10],[-5,21],[-1,10],[1,11],[3,4],[5,1],[11,0],[4,1],[3,2],[2,5],[1,0],[5,12],[1,2],[10,8],[13,5],[11,8],[7,15],[1,8],[-2,6],[-5,4],[-15,3],[-3,5],[0,7],[0,9],[-2,15],[0,4],[2,1],[11,-1],[15,1],[7,-2],[5,-6],[-1,-4],[-2,-4],[-1,-5],[2,-6],[3,-2],[3,0],[14,5],[17,13],[-3,8],[3,6],[13,13],[2,3],[1,9],[3,2],[2,1],[1,1],[3,7],[12,10],[3,6],[1,9],[5,15],[0,10],[25,-34],[2,-8],[-1,-2],[-1,-3],[-1,-3],[2,-3],[1,-4],[-1,-4],[-3,-3],[-1,-2],[-4,-12],[0,-1],[0,-6]],[[1777,1322],[-2,-4],[-6,0],[-6,5],[-2,2],[-1,1],[-2,1],[0,4],[2,1],[2,0],[2,4],[4,3],[5,-1],[3,-4],[1,-3],[0,-9]],[[1615,1317],[-9,-4],[3,7],[17,25],[3,6],[2,0],[-3,-11],[-6,-13],[-7,-10]],[[1846,1506],[-5,-5],[-5,-12],[-3,-4],[-4,1],[-1,-7],[-3,-1],[-3,1],[-3,-1],[-4,-4],[-4,-1],[-5,1],[-4,4],[-2,5],[-1,6],[1,6],[1,4],[1,4],[2,1],[2,0],[5,2],[13,-3],[5,0],[6,4],[5,5],[16,10],[0,-2],[1,0],[1,-1],[-3,-6],[-9,-7]],[[1709,1710],[-1,-5],[-3,3],[-1,8],[2,-1],[1,-3],[2,-2]],[[1940,1630],[-5,-2],[-5,2],[-3,7],[-1,7],[-1,3],[-7,3],[-1,6],[3,13],[-7,26],[2,6],[1,8],[2,17],[2,3],[5,2],[10,6],[6,-9],[4,-27],[4,-12],[3,-4],[4,-4],[4,-4],[2,-6],[-2,-8],[-8,-13],[-3,-10],[-4,-5],[-5,-5]],[[2024,1860],[3,-2],[12,2],[-2,-4],[-2,-4],[-2,-4],[0,-3],[4,-4],[8,-5],[3,-2],[9,1],[7,-7],[1,-10],[-8,-4],[-6,8],[-1,1],[-1,2],[-2,-1],[-1,-2],[0,-1],[0,-2],[-2,-3],[-2,-2],[-1,2],[-1,1],[-3,6],[0,1],[-4,0],[-6,-1],[-3,1],[-2,3],[0,12],[-1,4],[-9,17],[-2,7],[5,2],[11,0],[-2,-9]],[[2273,1914],[-6,-3],[-7,0],[-14,6],[20,22],[14,10],[4,4],[0,-8],[-3,-12],[-4,-12],[-4,-7]],[[2184,1982],[-1,-3],[-3,0],[-2,0],[-2,0],[-4,-4],[-14,-7],[-4,-2],[-2,0],[-1,-2],[-1,-4],[-1,-3],[-3,-1],[-6,-5],[-9,-19],[-7,-5],[-1,-2],[-10,-13],[-4,-2],[-8,4],[-5,0],[3,-6],[-3,-6],[-2,-3],[-3,-2],[-3,-2],[3,-4],[8,-8],[4,-4],[-17,-14],[-3,-1],[-1,-10],[-5,0],[-5,2],[-6,-3],[4,-3],[3,-7],[1,-6],[-1,-3],[-3,1],[-9,12],[-16,14],[-2,6],[0,7],[0,6],[-4,5],[-4,-7],[-5,0],[-11,7],[-11,3],[-5,2],[-4,5],[0,3],[3,2],[3,1],[2,-1],[3,-2],[10,3],[10,-3],[9,-1],[7,14],[-12,0],[-5,3],[-3,6],[4,4],[4,4],[3,4],[8,2],[2,1],[7,7],[5,6],[0,1],[8,1],[8,0],[6,2],[4,10],[6,-3],[6,2],[5,6],[3,8],[3,-5],[3,-3],[4,-2],[4,-3],[5,17],[9,10],[21,15],[-4,-16],[1,-5],[5,-1],[4,2],[3,6],[6,14],[0,2],[-1,4],[-1,4],[2,3],[5,-1],[3,-6],[3,-16],[1,-3],[2,-2],[2,-3],[-1,-4]],[[2149,2455],[-4,0],[-2,3],[-2,4],[2,4],[2,2],[1,0],[1,-1],[1,0],[1,-2],[1,-5],[-1,-5]],[[2192,2539],[-8,-8],[-2,11],[-1,6],[1,6],[10,3],[3,-7],[-3,-11]],[[2226,2663],[8,-4],[2,0],[1,0],[1,0],[2,-2],[1,-13],[10,-10],[-2,-1],[0,-2],[-19,3],[-3,7],[-4,4],[-3,11],[6,7]],[[2130,2666],[-4,-2],[-2,2],[-2,4],[0,3],[3,1],[2,-1],[2,-2],[2,-3],[-1,-2]],[[2258,2697],[-3,-3],[-5,2],[-4,2],[-3,4],[-1,1],[0,2],[0,2],[1,2],[3,3],[-1,4],[1,0],[3,2],[2,-5],[2,-5],[3,-8],[1,-2],[1,-1]],[[3785,4512],[10,3],[6,3],[3,-2],[-6,-5],[-9,-5],[-12,-8],[-5,-5],[-11,-2],[-3,-8],[-9,-1],[-3,-13],[-8,-2],[-2,-7],[-26,-21],[-17,-8],[-9,-9],[4,-6],[-8,-10],[-1,-6],[-3,-3],[-4,-2],[-4,1],[-5,-4],[1,-8],[0,-5],[-6,-6],[-7,-11],[-10,-22],[-9,-40],[-3,-17],[-3,-14],[0,-6],[-2,-12],[0,-11],[-5,-5],[-6,15],[-5,11],[-4,-1],[-7,2],[0,10],[-9,11],[-13,21],[-4,15],[-10,4],[-9,5],[-8,11],[-6,16],[-22,3],[-30,10],[-7,8],[-22,-4],[-21,-6],[-6,-7],[-13,-7],[-26,-15],[-5,-11],[1,-8],[-5,-6],[-8,-4],[-7,-1],[-6,-1],[-3,0],[-3,-2],[-3,-4],[-6,-10],[-1,-1],[0,8],[-2,1],[-2,2],[-6,-5],[-8,-8],[-5,-10],[2,-9],[-2,-6],[0,-4],[2,-3],[2,-3],[0,-3],[1,-1],[1,-2],[-1,-4],[-1,-2],[-2,-1],[0,-2],[-2,-10],[-4,-7],[-4,-5],[-4,-3],[1,-10],[2,-4],[-5,-3],[-2,5],[-4,0],[-8,-12],[-11,-22],[-8,-14],[-3,-6],[0,-7],[0,-4],[-3,-2],[-4,4],[-8,5],[-11,-7],[-5,-17],[-2,-18],[4,-22],[-2,-16],[-4,-3],[-9,1],[-2,-5],[1,-8],[-1,-10],[5,-4],[2,-5],[3,-4],[6,-7],[4,-7],[3,-8],[0,-9],[-8,-5],[-6,4],[-2,2],[-2,4],[-3,9],[-1,3],[-6,6],[-8,4],[-7,-2],[-4,-10],[-3,7],[-4,1],[-5,-4],[-4,-6],[-6,-4],[-7,0],[-6,3],[-5,3],[-9,10],[-5,7],[-16,-5],[-11,-13],[-3,10],[1,13],[7,12],[6,15],[10,12],[4,6],[1,6],[-23,0],[-4,-1],[-2,0],[-14,12],[-6,2],[5,-6],[-7,0],[-5,3],[-4,0],[-2,-10],[2,-1],[3,-3],[2,-2],[-6,-3],[-5,1],[-5,4],[-5,16],[7,7],[-4,10],[4,7],[2,4],[-7,14],[-3,8],[-10,1],[-6,4],[-8,-16],[-4,1],[5,11],[-1,7],[4,5],[14,-7],[6,1],[4,6],[-7,0],[2,6],[0,7],[-2,4],[-4,2],[0,3],[7,-1],[2,1],[1,1],[2,4],[1,3],[-3,2],[-10,0],[-3,3],[-1,6],[0,6],[7,2],[-3,6],[-3,3],[-5,3],[-3,-4],[-5,-1],[-1,7],[8,3],[8,-2],[4,-1],[1,-5],[5,-5],[3,-6],[6,6],[-1,8],[4,7],[7,2],[4,4],[-4,8],[-4,3],[6,6],[-6,0],[-5,-2],[-2,4],[-3,2],[-3,3],[1,6],[6,6],[6,2],[1,3],[-13,1],[-21,-5],[-6,2],[-4,3],[-4,2],[2,5],[2,2],[6,1],[2,2],[1,3],[1,13],[-6,-6],[-4,6],[0,10],[6,9],[0,3],[-5,0],[2,4],[2,3],[2,2],[3,1],[-13,10],[-6,1],[-6,0],[-3,-2],[-4,-3],[-4,4],[-10,-8],[-8,-3],[-13,-9],[-11,-7],[-9,-9],[-4,-7],[-3,-5],[-5,1],[-4,2],[3,8],[-12,-9],[-15,-10],[-5,2],[6,7],[7,5],[14,15],[13,6],[6,-2],[4,2],[-3,4],[-1,4],[6,4],[9,4],[7,0],[6,5],[8,0],[9,10],[38,23],[5,6],[3,7],[2,5],[9,13],[3,3],[7,8],[32,17],[6,6],[8,7],[10,13],[7,19],[-1,14],[-1,13],[3,17],[2,12],[2,13],[14,3],[0,11],[5,10],[-1,19],[10,8],[15,13],[5,7],[18,6],[2,8],[2,4],[-1,8],[-7,1],[-3,0],[0,5],[6,-2],[5,0],[4,10],[4,-7],[2,-2],[2,-3],[3,-3],[18,-26],[9,-29],[3,-8],[2,-7],[3,-5],[7,-4],[6,-3],[7,-1],[8,4],[12,3],[11,4],[2,9],[9,4],[7,-1],[7,5],[6,-1],[6,-3],[18,1],[8,-1],[15,-8],[8,0],[7,2],[5,5],[4,6],[4,6],[5,7],[10,11],[5,8],[2,8],[2,22],[0,20],[-2,8],[-3,6],[-4,6],[-5,6],[-5,4],[-5,5],[-5,8],[7,-5],[10,-5],[9,-2],[5,2],[6,-7],[9,4],[10,9],[8,9],[8,8],[20,12],[10,7],[3,5],[2,6],[3,6],[4,2],[3,1],[5,2],[3,1],[3,-2],[5,-4],[6,-2],[4,-4],[3,-1],[3,0],[5,2],[3,1],[12,-4],[2,3],[4,11],[5,-8],[2,3],[1,7],[1,4],[5,1],[3,-3],[1,-5],[2,-6],[0,-13],[1,-5],[5,-1],[3,2],[7,10],[1,4],[7,-7],[7,-3],[4,-5],[-4,-14],[12,-9],[4,-1],[4,-2],[7,-8],[5,-2],[8,1],[4,0],[2,-3],[1,-4],[3,-5],[8,-7],[9,-1],[9,8],[21,-1],[7,4],[4,1],[4,9],[1,-6],[-3,-5],[-2,-7],[5,1],[6,8],[6,3],[-2,-6],[-4,-8],[-1,-4],[0,-3],[1,-3],[-7,-2],[4,-1],[3,-2],[4,1],[-2,-6],[-4,-7],[-1,-5],[1,-3],[-6,-11],[0,-12],[1,-8],[-2,-2],[-2,-8],[0,-3],[0,-5],[2,-10],[1,-4],[3,-1],[4,0],[0,5],[4,1],[4,-12],[4,-8],[11,-8],[-2,-4],[4,-2],[0,-8],[0,-7],[-4,-5],[-1,-4],[-5,-3],[-3,-2],[-5,-11],[4,-3],[18,1],[0,-3],[-2,-1],[-4,-2],[-2,0],[0,-4]],[[5968,1],[-2,-1],[-2,2],[-1,3],[2,2],[3,0],[1,-4],[-1,-2]],[[5914,245],[-4,-3],[0,15],[1,7],[2,5],[4,3],[6,1],[6,0],[3,-2],[3,-6],[-3,-2],[-5,0],[-4,-2],[-3,-5],[-6,-11]],[[5912,569],[-3,-3],[-4,4],[-1,6],[1,5],[5,1],[3,-3],[0,-5],[-1,-5]],[[9998,33],[-1,0],[-2,1],[0,2],[3,3],[1,-2],[-1,-4]],[[9993,45],[-4,-7],[-4,9],[4,2],[4,-4]],[[2678,754],[-4,0],[-3,1],[-6,4],[0,6],[3,6],[4,8],[2,2],[2,0],[3,-1],[7,-7],[-3,-3],[-2,-3],[-1,-4],[-1,-5],[-1,-4]],[[2698,803],[-2,0],[-3,2],[-3,5],[0,6],[4,1],[6,-3],[2,-5],[-2,-4],[-2,-2]],[[5778,1417],[-3,-6],[-1,7],[2,2],[2,-3]],[[2435,2936],[8,-9],[14,-6],[10,-11],[13,-5],[12,-13],[-2,-17],[-7,-23],[-14,-18],[-9,-7],[-10,-2],[-9,-2],[-10,-1],[-16,6],[-3,8],[-5,17],[-8,22],[-3,13],[-1,13],[4,2],[12,0],[5,11],[7,9],[2,8],[7,-1],[3,6]],[[2327,2946],[9,-7],[3,3],[6,-5],[8,-3],[6,-8],[0,-6],[-7,0],[-3,-5],[-6,-2],[-7,9],[1,6],[-1,4],[-6,-3],[-3,7],[-4,4],[-3,6],[7,0]],[[5597,2939],[-3,-1],[-2,4],[0,2],[2,2],[3,0],[3,-2],[-3,-5]],[[2608,2977],[-6,-2],[-5,0],[-3,-9],[-3,-6],[-1,-11],[-4,-8],[0,-7],[-1,-4],[3,-3],[1,-6],[-2,-5],[0,-5],[2,-7],[-4,-7],[-1,-6],[-6,1],[-6,-3],[-6,-1],[-5,-5],[-1,-6],[-5,0],[-1,5],[-4,6],[1,6],[2,8],[-1,13],[-3,8],[-1,9],[1,5],[3,-2],[2,-1],[3,8],[8,10],[9,18],[4,13],[3,12],[0,7],[-1,15],[-2,6],[1,5],[-2,3],[4,7],[5,7],[6,13],[0,6],[4,2],[3,10],[-1,10],[7,14],[4,6],[2,3],[2,1],[3,0],[0,-7],[4,-12],[5,-8],[-6,-6],[0,-15],[3,-18],[-8,-17],[1,-10],[0,-14],[-2,-7],[-4,-4],[0,-7],[-1,-8]],[[2092,3112],[-1,-1],[-1,2],[1,1],[1,-2]],[[2255,3098],[-4,0],[-5,3],[-1,1],[0,2],[-2,4],[2,1],[2,2],[3,4],[2,1],[3,-2],[2,-2],[4,-3],[0,-4],[-3,-5],[-3,-2]],[[5509,3394],[1,-1],[-1,0],[0,1]],[[5509,3394],[-1,-1],[0,1],[0,1],[1,-1]],[[2184,3484],[-8,-7],[-5,4],[-6,5],[-2,9],[7,3],[5,16],[8,14],[5,3],[7,3],[5,8],[2,9],[2,9],[3,-7],[2,-9],[1,-9],[-4,-4],[-4,-3],[-11,-25],[-4,-15],[-3,-4]],[[2231,3596],[12,-13],[2,-1],[1,3],[-1,5],[1,2],[5,1],[2,-1],[-2,-1],[0,-2],[1,-3],[-1,-4],[0,-2],[1,-2],[0,-2],[0,-3],[-3,-3],[-3,0],[-3,-1],[-4,-3],[-5,0],[-2,3],[-2,1],[-1,2],[-1,2],[-1,3],[-2,4],[0,4],[2,2],[-1,1],[-3,-2],[-3,-5],[-2,-1],[-1,2],[-1,3],[1,5],[3,5],[4,3],[7,-2]],[[2328,3708],[-6,-2],[-4,4],[-3,7],[2,7],[-3,5],[-3,8],[-1,8],[1,7],[2,2],[4,0],[7,-4],[7,0],[4,-3],[2,-10],[-1,-5],[-6,-19],[-2,-5]],[[2346,3775],[-2,-2],[-2,1],[0,5],[1,5],[1,5],[2,3],[2,0],[1,1],[0,2],[4,1],[5,-3],[2,-4],[-1,-2],[-3,-5],[-3,-4],[-4,-2],[-3,-1]],[[2398,3894],[2,-1],[6,2],[10,5],[5,1],[4,-6],[-11,-9],[-13,-45],[-10,-11],[-1,3],[0,5],[0,10],[-2,6],[-3,-2],[-6,-5],[-13,-1],[-6,-2],[-8,-4],[-6,12],[-3,7],[0,7],[2,2],[2,2],[4,0],[3,3],[7,9],[7,6],[5,3],[11,5],[7,6],[3,0],[2,-2],[1,-4],[1,-2]],[[2335,3899],[3,-19],[1,-40],[1,-4],[1,-3],[0,-3],[0,-13],[-1,-3],[-2,-3],[-2,-5],[-3,-2],[-8,-4],[-1,-3],[-7,-18],[-2,-2],[-7,-4],[-2,-4],[-8,-11],[-4,-4],[-8,-6],[-8,-4],[-5,0],[-1,4],[5,25],[-4,-4],[-3,0],[-3,1],[-6,-4],[0,2],[1,5],[1,3],[10,11],[7,5],[4,1],[4,0],[3,1],[4,4],[-3,1],[-3,0],[-5,3],[-7,-4],[-5,4],[-4,9],[-2,10],[1,5],[1,5],[2,3],[3,3],[-2,7],[1,10],[4,9],[5,8],[3,10],[-2,9],[-7,15],[4,0],[3,-3],[3,-3],[3,-1],[4,1],[7,5],[8,2],[6,3],[6,2],[7,0],[9,-12]],[[2420,3941],[-1,-3],[-1,-3],[2,-3],[0,-5],[0,-8],[-2,-5],[-5,-1],[-2,-2],[1,-4],[-2,1],[-4,4],[-1,6],[2,6],[-1,3],[-3,3],[0,3],[5,9],[0,1],[1,-2],[1,0],[2,3],[3,2],[3,-2],[2,-3]],[[3100,3988],[-5,-3],[-2,2],[-1,6],[0,6],[2,5],[1,3],[2,-2],[1,-1],[1,-1],[3,-4],[0,-4],[0,-4],[-2,-3]],[[1901,4011],[3,-8],[-3,-18],[5,-7],[7,-7],[5,-8],[2,-5],[0,-2],[-6,0],[-8,0],[-12,-4],[-1,6],[-7,3],[-2,-2],[-3,-1],[-1,-2],[-1,-5],[1,-2],[1,-1],[5,-7],[-1,-6],[0,-5],[-6,-7],[-6,4],[-6,11],[-7,0],[-16,-1],[-4,-5],[-11,9],[-5,2],[1,7],[2,6],[1,4],[1,4],[2,4],[3,1],[0,-2],[1,-10],[1,-4],[0,2],[4,13],[1,5],[0,5],[0,5],[-1,4],[-1,2],[-1,2],[-1,2],[0,3],[1,3],[2,5],[-3,8],[3,6],[3,4],[6,0],[2,-6],[5,-12],[1,1],[6,3],[7,2],[11,9],[2,5],[8,6],[1,-8],[-1,-4],[0,-4],[6,-2],[4,-1]],[[1923,4031],[-1,-4],[-4,-6],[-4,-7],[-2,-1],[-3,0],[-6,5],[-2,1],[-2,5],[0,15],[0,4],[1,3],[3,0],[3,-2],[2,-5],[1,-6],[1,-3],[2,-1],[0,2],[0,1],[-1,2],[0,3],[-2,5],[-1,4],[2,2],[8,-7],[2,-3],[1,-1],[2,-6]],[[1938,4060],[1,-11],[-1,-5],[-3,-1],[-1,-2],[1,-2],[1,-3],[-1,-4],[-2,0],[-1,4],[-2,2],[-3,0],[0,2],[1,1],[0,3],[-1,2],[-2,2],[-2,2],[-4,6],[-2,1],[-2,-1],[-1,3],[3,4],[6,-2],[5,-7],[2,-1],[-1,6],[0,1],[3,-2],[2,2],[0,6],[1,2],[2,-2],[0,-1],[1,-5]],[[1962,4073],[0,-2],[-1,-15],[-1,-4],[-2,0],[0,4],[-1,1],[-3,3],[-3,1],[-4,-2],[-2,1],[-1,2],[-2,1],[0,1],[-1,8],[0,4],[3,0],[6,-4],[1,0],[-1,3],[-1,2],[-2,3],[0,3],[-1,2],[0,1],[1,2],[0,1],[0,2],[3,0],[5,-3],[4,-3],[1,-4],[1,-4],[1,-4]],[[1984,4140],[0,-8],[0,-14],[4,-2],[19,10],[4,-9],[-2,-9],[-6,-4],[-7,-9],[-6,-1],[-5,-8],[-3,-6],[-1,-7],[3,-8],[0,-3],[-1,-5],[-3,0],[-6,2],[-2,-6],[2,-5],[0,-6],[-1,-4],[-6,2],[0,9],[-2,10],[1,16],[2,7],[-5,10],[-3,3],[-11,3],[-3,1],[0,6],[6,3],[7,7],[5,-7],[6,6],[-4,10],[2,18],[5,2],[1,-11],[3,0],[2,2],[0,9],[-1,6],[2,10],[5,3],[2,8],[-3,6],[-1,6],[4,19],[3,-4],[0,-8],[-2,-5],[-1,-4],[3,-4],[2,-2],[-2,-10],[-2,-8],[-3,-8],[-1,-9]],[[2000,4250],[-5,-5],[-2,-5],[-2,-1],[-6,2],[-3,3],[-2,2],[-2,0],[-2,0],[1,4],[4,7],[5,2],[3,1],[5,5],[2,-1],[2,-7],[3,-3],[-1,-4]],[[2131,4317],[2,-21],[-2,-7],[-4,-8],[-5,-5],[4,-4],[-4,-6],[-4,-2],[0,-5],[-4,-4],[0,-7],[-3,-9],[-15,-22],[-11,-10],[-12,-4],[-5,4],[-5,1],[0,5],[2,11],[3,-7],[8,-7],[5,1],[2,4],[-1,2],[-2,2],[-4,1],[-2,4],[1,7],[4,5],[7,-1],[-2,8],[-1,10],[10,10],[1,13],[1,11],[17,5],[4,11],[2,-2],[3,-4],[5,5],[-5,5],[0,7],[10,3]],[[2131,4358],[0,-2],[6,1],[1,-4],[-3,-5],[-4,-2],[-5,1],[-4,2],[-3,-1],[0,-2],[-2,0],[-3,0],[1,4],[6,7],[6,5],[3,0],[1,-4]],[[3000,4492],[7,-6],[-1,-2],[-5,-1],[-6,1],[-11,7],[-5,-1],[2,6],[5,3],[5,0],[6,-3],[3,-4]],[[2198,4510],[0,-5],[1,-5],[5,-4],[5,-3],[-2,-1],[-3,-2],[-2,0],[0,-3],[8,-4],[0,-7],[-5,-6],[-8,0],[-8,-1],[-4,-9],[-1,-9],[-3,2],[-6,7],[-5,6],[2,7],[-4,3],[-4,-4],[-3,7],[0,7],[9,-5],[4,-1],[0,3],[-9,8],[-1,10],[0,5],[7,0],[-2,8],[2,8],[2,5],[1,6],[4,-5],[21,-8],[1,-4],[-2,-6]],[[3014,4560],[9,-16],[5,1],[4,3],[7,6],[2,0],[5,-1],[2,1],[2,3],[0,5],[2,2],[4,1],[9,-1],[5,0],[-4,-5],[-7,-11],[-3,-1],[-3,2],[-8,-3],[-3,-3],[-1,-3],[0,-12],[-1,-4],[-1,-5],[-4,1],[-7,0],[-3,2],[-1,4],[1,4],[-1,4],[-3,4],[-2,-3],[-5,4],[-2,-3],[-1,-5],[-1,-3],[-4,0],[-6,2],[-3,-2],[-3,4],[-1,-3],[-2,-1],[-3,-3],[-3,9],[-4,11],[-3,11],[5,11],[8,4],[9,-1],[8,-5],[6,-5]],[[3118,4571],[-6,-2],[-4,4],[-1,6],[3,5],[4,4],[2,2],[1,1],[3,2],[3,4],[2,3],[1,-2],[0,-5],[-1,-5],[0,-3],[-1,-2],[-1,-2],[0,-4],[-5,-6]],[[3095,4650],[1,-6],[8,5],[1,-9],[-3,-11],[-5,-3],[-7,6],[-18,-1],[-7,3],[6,8],[8,6],[4,7],[-5,12],[4,5],[4,3],[4,1],[3,0],[3,-3],[-1,-2],[0,-2],[-1,-2],[-2,0],[2,-6],[1,-5],[0,-6]],[[3267,4675],[4,0],[1,0],[1,-2],[-2,-5],[-16,-19],[-6,-4],[-3,4],[0,8],[1,6],[2,2],[2,0],[1,0],[-1,4],[-2,7],[2,6],[7,2],[6,-3],[1,-3],[2,-3]],[[3164,4676],[-2,-4],[-3,-3],[-2,-1],[-1,1],[0,3],[-2,1],[-3,0],[-8,5],[-3,4],[2,5],[5,1],[6,-2],[3,-1],[6,-3],[2,-6]],[[3219,4722],[-2,-11],[-3,-9],[0,-5],[-4,-4],[-7,-2],[-7,0],[-4,3],[-2,6],[1,6],[2,2],[1,0],[10,6],[3,-1],[4,3],[4,7],[2,3],[2,-4]],[[3257,4697],[-5,-7],[-12,1],[-11,-8],[-3,3],[3,10],[2,2],[5,2],[2,2],[0,5],[-2,3],[-2,1],[-3,1],[6,9],[7,9],[6,2],[5,-11],[3,-14],[-1,-10]],[[3014,4707],[-6,-2],[-3,3],[-1,4],[7,12],[4,6],[5,4],[4,3],[3,-1],[2,-4],[1,-5],[0,-2],[-7,-8],[-9,-10]],[[2024,4731],[3,0],[2,2],[3,1],[5,3],[4,0],[-2,4],[0,3],[3,1],[3,-3],[5,-5],[-1,-9],[4,-4],[1,7],[9,0],[1,-3],[-1,-4],[-6,-4],[-2,-6],[1,-8],[1,-5],[-5,-5],[-4,0],[0,-3],[2,-2],[-1,-5],[-1,-8],[0,-5],[-1,-2],[-2,-1],[-1,-3],[0,-5],[-3,-8],[-4,-3],[0,-4],[-4,-4],[-1,-3],[-4,0],[-1,-3],[-4,-2],[-1,4],[-2,1],[-4,5],[-2,2],[-5,-3],[-1,-1],[-1,19],[3,11],[-1,12],[1,15],[3,3],[0,7],[2,11],[1,20],[3,7],[6,-1],[1,-3],[-1,-4],[-1,-9]],[[3468,4759],[-1,-1],[-2,1],[-3,6],[1,6],[5,6],[1,2],[2,0],[3,-6],[0,-6],[-1,-3],[-3,-2],[-2,-3]],[[3967,4797],[-10,-9],[-5,3],[-1,4],[11,11],[5,-9]],[[3596,4819],[-6,-10],[-3,0],[-3,3],[-6,4],[-3,1],[-1,2],[1,1],[2,2],[3,0],[6,5],[3,1],[2,-1],[2,-3],[2,0],[1,-1],[0,-4]],[[4494,4818],[-3,-2],[-2,4],[-1,3],[6,3],[2,4],[3,-1],[0,-4],[-2,-4],[-3,-3]],[[4488,4834],[-6,-2],[-2,3],[6,3],[7,4],[2,4],[5,0],[-3,-3],[1,-4],[-5,-1],[-5,-4]],[[3683,4834],[-2,-14],[-7,-25],[-1,4],[-3,3],[-4,1],[-5,-1],[0,3],[6,1],[2,4],[-3,3],[-7,-2],[-5,-6],[-3,-8],[-4,-6],[-6,-2],[2,17],[-2,5],[-7,4],[-6,-1],[-6,-2],[-5,-1],[-2,7],[3,3],[0,5],[0,6],[1,5],[9,-4],[8,3],[14,11],[4,1],[11,2],[11,3],[5,0],[-1,-4],[0,-4],[2,-5],[1,-6]],[[3858,4752],[0,-9],[3,-5],[8,-10],[2,-8],[-6,-4],[-10,-2],[-7,-6],[-10,-4],[-7,-5],[-11,-12],[-15,-4],[-8,0],[0,9],[-7,3],[-1,2],[3,9],[4,6],[-12,-5],[-7,11],[-3,10],[4,7],[5,12],[7,-2],[5,3],[25,55],[8,6],[6,5],[2,2],[2,4],[3,8],[2,4],[4,9],[13,8],[5,3],[8,14],[6,10],[6,3],[9,-9],[0,-5],[-3,-6],[-5,-7],[-3,-10],[-4,-12],[-8,-9],[-8,-15],[-10,-16],[-2,-18],[0,-4],[1,-6],[0,-5],[6,-5]],[[2102,4922],[2,-4],[3,-4],[2,-4],[-1,-6],[-2,-3],[-3,-2],[3,-1],[3,-2],[1,-5],[-3,-7],[-3,-2],[-3,3],[-3,-1],[3,-5],[5,-6],[-1,-4],[0,-4],[-3,-12],[-6,-18],[-14,-16],[-8,-14],[2,-13],[-7,-9],[-1,-7],[5,2],[6,8],[0,-4],[-2,-6],[-1,-3],[1,-8],[4,-5],[3,-2],[-3,-6],[-4,-4],[-3,-3],[-3,-8],[-8,-3],[-6,2],[-6,9],[5,5],[7,-3],[1,13],[-4,2],[-6,-8],[-3,0],[-1,9],[0,5],[2,5],[-4,-3],[-3,-5],[2,-8],[-3,-3],[-4,6],[-8,-2],[-6,2],[2,6],[8,0],[4,3],[0,18],[-1,9],[2,4],[4,1],[1,-1],[2,3],[4,6],[0,3],[-5,-6],[-4,-2],[-2,6],[4,12],[5,15],[7,7],[0,3],[-5,9],[-6,-2],[-1,6],[5,8],[1,8],[5,21],[5,0],[8,0],[5,-1],[4,4],[6,10],[5,1],[-2,4],[2,4],[5,0],[3,3],[5,0]],[[4469,4987],[-2,0],[-3,17],[4,0],[4,-6],[1,-7],[-4,-1],[0,-3]],[[3262,5535],[4,-6],[-5,0],[-12,0],[-2,1],[-1,2],[-1,3],[-1,3],[4,6],[7,-3],[7,-6]],[[3273,5549],[-7,-8],[0,14],[1,14],[4,11],[9,3],[4,-9],[-4,-13],[-7,-12]],[[3277,5585],[-6,-2],[-1,4],[1,2],[6,-4]],[[3253,5593],[6,-3],[5,2],[5,-1],[0,-4],[0,-4],[-5,-1],[-5,-2],[-2,-8],[1,-5],[1,-4],[-1,-3],[-3,-3],[-3,0],[-3,1],[-2,2],[-1,2],[0,5],[-1,2],[-1,1],[-3,0],[-4,-2],[1,-5],[4,-9],[-3,-5],[-5,1],[-5,5],[-5,6],[7,9],[14,14],[8,9]],[[3363,5629],[-2,-5],[-5,-3],[-2,6],[-3,0],[-3,-2],[-3,-4],[4,-3],[1,-4],[-1,-5],[-4,-3],[-2,0],[-13,3],[-7,0],[-2,1],[-15,16],[-3,2],[-2,5],[3,29],[4,9],[27,21],[0,-5],[2,-3],[4,0],[3,-1],[1,-2],[1,-4],[1,-2],[2,-2],[4,-2],[1,-1],[2,-3],[2,-4],[1,-3],[4,-8],[0,-23]],[[4543,6069],[0,-4],[0,-4],[-2,-4],[-5,-3],[-6,0],[-6,-2],[-4,-4],[-3,0],[-5,-2],[-1,0],[-3,6],[-7,9],[-3,7],[2,4],[3,-2],[1,-3],[2,-2],[2,2],[2,2],[3,0],[3,1],[2,2],[2,1],[3,-1],[2,-3],[3,-3],[3,1],[3,2],[3,5],[5,2],[2,-4],[-1,-3]],[[4992,6500],[1,-6],[3,1],[3,8],[11,-2],[15,5],[11,-1],[0,-19],[-3,-8],[-13,-25],[-4,-9],[-4,-18],[-5,-7],[-37,-29],[-34,-15],[-7,-1],[-3,1],[-4,2],[-2,4],[-1,4],[1,5],[3,2],[15,4],[4,3],[1,6],[0,21],[4,8],[10,13],[4,7],[-9,15],[-21,-9],[-5,14],[0,11],[1,9],[2,10],[3,8],[14,22],[5,15],[6,6],[6,5],[3,6],[14,17],[9,7],[13,27],[3,3],[3,1],[8,1],[2,-3],[0,-5],[-4,-31],[-7,-28],[-13,-37],[-2,-9],[0,-9]],[[5285,8124],[2,-1],[6,0],[2,-2],[1,-2],[-3,-5],[-9,-5],[-1,2],[-2,7],[0,3],[1,3],[3,0]],[[5332,8384],[-13,-13],[-3,2],[-3,4],[-2,5],[1,5],[-2,4],[0,4],[0,10],[-1,4],[-3,6],[-1,4],[1,9],[3,9],[5,7],[4,4],[4,1],[7,2],[4,0],[4,2],[9,7],[3,1],[6,-5],[-4,-10],[-11,-17],[-2,-12],[0,-12],[-1,-11],[-5,-10]],[[7201,9062],[-5,-3],[-3,2],[1,8],[4,4],[10,5],[4,4],[-42,22],[28,-6],[7,-3],[11,-8],[5,-6],[1,-4],[-4,-3],[-12,-3],[-3,-4],[-2,-5]],[[6930,9258],[-2,0],[-1,0],[3,0]],[[6775,9355],[-11,-4],[-14,3],[-27,11],[1,3],[6,0],[8,-1],[7,-3],[5,-4],[5,-3],[14,0],[6,-2]],[[5903,9802],[-5,-1],[-5,2],[-18,11],[-10,10],[-6,11],[5,9],[-2,3],[-1,5],[-2,1],[12,14],[4,2],[7,3],[11,-4],[10,-7],[8,-9],[11,-16],[3,-7],[-2,-5],[-4,-4],[-2,-7],[-2,-2],[-12,-9]],[[5819,9961],[4,0],[5,3],[6,2],[5,-3],[2,-9],[-5,-48],[-3,-14],[-5,-13],[-2,6],[1,3],[1,4],[-8,17],[-3,10],[-2,10],[2,22],[-1,6],[-10,15],[3,2],[2,1],[1,-1],[2,-2],[1,-2],[4,-9]],[[2809,3878],[-1,-9],[5,-7],[5,-10],[-8,-7],[-3,-2],[-4,-1],[-3,-2],[-1,-4],[-2,-12],[-1,-11],[-1,-3],[-2,-1],[-3,-3],[-3,-9],[-4,-23],[-6,-17],[-3,-23],[-7,-29],[-11,-45],[-12,-50],[-4,-13],[1,-9],[0,-5],[2,-12],[4,-8],[9,-4],[-1,-4],[-5,-8],[-1,-4],[-8,-52],[2,-14],[-10,-11],[-4,-6],[-2,-7],[-1,-1],[-4,-9],[-1,-5],[-1,-5],[1,-4],[1,-1],[1,-2],[0,-10],[-1,-3],[-4,-5],[-1,-3],[-3,-23],[-2,-4],[-4,-7],[-2,-5],[0,-3],[-1,-3],[-2,-2],[-1,1],[-1,1],[-2,1],[1,3],[1,1],[0,2],[-13,-3],[-6,0],[-5,3],[-2,4],[1,8],[-1,4],[-2,3],[-6,9],[-2,4],[-2,0],[-2,1],[-7,-2],[-6,5],[-3,3],[-7,0],[-6,-3],[-13,-7],[-4,-4],[-4,-6],[-6,-12],[-4,-18],[4,-5],[11,-4],[7,-3],[7,-4],[1,-6],[-1,-4],[-7,-5],[-3,-7],[6,-3],[11,6],[2,-5],[-23,-25],[-9,1],[-8,-3],[-1,-10],[-3,-6],[-5,-15],[-4,-6],[-4,-5],[-5,-5],[-5,-4],[-6,-3],[-11,-5],[-8,-3],[-9,-1],[-9,-4],[-5,-6],[-2,-4],[-14,-5],[-10,-13],[-5,-6],[-7,-1],[2,31],[8,10],[13,10],[4,4],[8,31],[-4,8],[9,18],[3,15],[2,24],[-1,9],[-4,13],[-4,14],[-7,16],[-14,11],[-4,12],[4,20],[-3,8],[-19,5],[-5,4],[-3,1],[-4,3],[-2,6],[7,12],[8,5],[8,-2],[8,1],[8,-2],[3,-8],[-1,-13],[1,-3],[4,-2],[5,0],[3,2],[5,7],[8,15],[3,19],[-2,17],[-9,11],[-12,-1],[-17,8],[-13,-5],[-10,-16],[-1,-4],[-1,-12],[-2,-4],[-9,-13],[-2,-5],[-3,-16],[-5,-12],[-4,-13],[-4,-19],[0,-9],[1,-10],[10,-27],[4,-19],[3,-9],[5,-4],[4,-2],[7,-12],[12,-2],[0,-6],[-3,-17],[-1,-8],[-3,-9],[-5,-4],[-6,-3],[-6,-8],[-4,6],[-4,0],[-3,-3],[-5,0],[-5,3],[-1,4],[0,6],[-4,11],[-3,7],[-14,10],[-50,2],[-7,0],[-9,-4],[-8,1],[-3,7],[-1,8],[-2,7],[-4,10],[-4,6],[4,0],[5,-1],[0,5],[-3,8],[-9,11],[-9,10],[-7,5],[8,5],[3,1],[3,0],[4,-2],[3,-1],[3,-1],[7,-10],[4,-5],[5,11],[16,19],[3,15],[4,8],[4,16],[2,16],[-3,12],[4,10],[0,8],[-4,8],[-9,13],[-12,24],[-4,4],[-15,11],[-5,2],[-1,5],[-3,10],[3,17],[3,4],[10,-5],[4,-2],[-9,11],[-3,7],[5,13],[2,20],[-2,10],[-3,10],[-3,5],[-2,2],[-5,6],[0,9],[4,4],[6,10],[0,12],[-8,9],[9,13],[13,6],[10,-15],[6,2],[7,6],[4,5],[1,3],[3,12],[0,1],[2,2],[2,1],[1,2],[0,6],[0,2],[23,31],[3,12],[1,3],[4,3],[2,2],[1,5],[-1,4],[0,4],[3,9],[2,1],[8,-10],[3,5],[1,6],[-1,13],[1,4],[8,14],[7,5],[3,12],[-1,12],[-5,6],[2,5],[4,2],[9,0],[-2,6],[-8,7],[-1,6],[2,4],[23,25],[5,7],[4,12],[-9,0],[-53,-13],[-5,-3],[-4,3],[3,7],[5,5],[23,14],[6,8],[4,2],[5,0],[5,2],[3,1],[3,0],[0,3],[-4,3],[-4,4],[-2,6],[-1,5],[1,3],[1,4],[4,5],[1,3],[-1,2],[-1,2],[-1,3],[-4,9],[-24,25],[-15,19],[-10,7],[-2,8],[-2,31],[0,20],[-2,9],[0,7],[0,2],[-2,2],[-2,0],[-1,0],[-2,1],[-7,6],[-2,4],[-1,5],[0,4],[-1,3],[-9,1],[-7,2],[-5,1],[-3,0],[-11,14],[-5,4],[-7,-13],[-13,-12],[-9,-11],[-8,5],[2,-9],[4,-8],[5,-15],[14,-29],[6,-8],[-1,-9],[-5,-2],[0,-11],[-5,-6],[-8,-3],[-5,-6],[-4,-3],[-7,-4],[-3,-2],[6,-4],[3,-6],[7,-6],[8,0],[5,1],[16,14],[20,1],[11,-10],[3,-10],[7,-19],[1,-6],[0,-16],[0,-4],[-6,-10],[-2,-6],[4,-8],[-7,-9],[-11,-8],[-12,0],[-3,-3],[0,-6],[-2,-3],[-6,-1],[-1,-6],[-3,-2],[-8,-2],[-5,-5],[-5,1],[2,5],[-1,7],[-5,3],[-2,4],[-6,3],[0,10],[0,10],[4,0],[4,1],[4,6],[3,3],[5,5],[3,4],[3,5],[-1,8],[-4,3],[-3,2],[-1,3],[1,3],[2,4],[-4,5],[-10,1],[-3,-3],[-4,0],[-10,2],[-10,-4],[-5,-6],[-5,-6],[-8,-2],[-6,-4],[-6,-1],[-3,4],[0,4],[-1,1],[-3,-3],[2,-6],[-4,-8],[-9,-14],[-4,-8],[-3,-9],[-6,-6],[-6,-4],[-5,0],[-1,-4],[-2,-8],[-7,-8],[-8,-7],[-1,-4],[-2,1],[-4,2],[-4,-4],[-3,-2],[-2,6],[5,5],[4,2],[4,2],[2,4],[4,11],[3,7],[4,7],[1,7],[-2,3],[-3,-2],[-2,3],[0,3],[4,1],[2,4],[3,1],[3,-5],[4,4],[4,10],[-11,-1],[0,7],[-7,17],[-3,4],[-3,2],[-2,3],[-1,5],[-1,5],[-6,3],[-3,-4],[-4,-2],[-4,10],[-7,5],[-3,8],[-3,7],[-1,5],[-1,5],[-1,6],[-3,5],[-3,4],[-4,1],[-2,14],[0,11],[4,5],[3,7],[-2,6],[1,7],[3,3],[1,14],[6,12],[12,-7],[5,-9],[0,-1],[0,-4],[0,-1],[1,-1],[2,3],[2,3],[1,-1],[2,-4],[-2,-3],[-5,-10],[-1,-7],[2,-6],[3,2],[5,10],[10,-4],[5,-7],[3,-7],[-2,-4],[-1,-4],[1,-11],[0,-8],[-3,-3],[-2,4],[-2,11],[-2,0],[1,-16],[4,-5],[1,-8],[-4,-5],[7,-5],[2,-3],[3,-3],[3,-3],[2,-3],[1,1],[2,3],[4,3],[2,4],[3,6],[17,-7],[16,-9],[5,2],[-5,9],[-18,30],[0,14],[3,7],[2,10],[0,10],[-11,10],[-10,12],[-9,-4],[-6,-5],[-3,0],[-1,9],[-8,7],[-3,-3],[-4,-6],[-5,0],[-4,4],[-2,5],[-3,11],[2,0],[4,-1],[-2,8],[1,4],[4,3],[0,4],[-4,0],[-6,-8],[-2,5],[0,6],[0,6],[-4,2],[1,-10],[-2,-10],[-1,-4],[-2,1],[-6,1],[-2,-6],[-2,-1],[-1,12],[6,2],[2,5],[-2,5],[-3,4],[-3,3],[-4,2],[2,4],[0,3],[-2,2],[-2,3],[-2,-2],[-3,0],[-4,1],[-5,7],[-4,1],[-8,0],[-4,7],[4,14],[0,7],[3,3],[2,-1],[4,4],[-1,3],[-2,5],[-4,9],[2,13],[1,11],[4,5],[9,-11],[8,2],[9,17],[2,-4],[-1,-13],[8,-5],[14,6],[20,-8],[3,-8],[1,-12],[3,-5],[3,-4],[5,-3],[-2,6],[-2,11],[2,15],[4,9],[4,5],[-3,6],[2,3],[-17,14],[-6,8],[-3,5],[3,6],[2,7],[5,1],[5,-8],[2,-6],[3,-6],[4,-2],[3,3],[-2,6],[-7,12],[-2,15],[5,9],[0,9],[5,-6],[6,-2],[7,6],[11,-8],[6,-9],[-2,-4],[-3,-6],[-2,-5],[4,-3],[3,4],[2,-5],[0,-4],[2,-4],[5,-3],[9,-1],[4,2],[3,5],[2,12],[3,4],[10,5],[6,3],[3,-1],[4,3],[1,1],[4,1],[5,2],[3,4],[2,6],[-4,0],[-10,-3],[-3,2],[-1,6],[-3,1],[-3,1],[-2,3],[0,3],[2,4],[3,3],[4,1],[3,0],[3,2],[6,5],[-1,6],[2,5],[3,0],[4,0],[3,1],[2,1],[2,3],[1,12],[4,-3],[4,-3],[1,-4],[-3,-4],[2,-8],[4,-3],[2,-2],[7,2],[1,-4],[-3,-7],[2,-3],[4,-3],[2,-1],[1,2],[2,1],[2,2],[3,6],[5,0],[9,0],[4,3],[6,1],[3,5],[1,7],[2,9],[-2,4],[-1,5],[-7,-5],[-5,-6],[-4,-2],[-4,3],[-4,2],[-2,3],[-4,-2],[-4,5],[-2,8],[2,3],[4,-1],[1,-7],[5,-3],[7,-1],[13,7],[5,5],[4,7],[4,5],[5,2],[3,4],[5,8],[1,9],[-1,8],[-4,1],[-2,3],[0,6],[2,3],[2,1],[3,3],[2,4],[4,14],[2,-3],[4,0],[7,6],[3,4],[1,3],[2,2],[5,1],[15,-1],[7,1],[7,6],[10,18],[2,2],[4,0],[4,0],[5,-3],[8,6],[11,0],[12,-2],[-2,-9],[4,2],[9,0],[3,-6],[3,-8],[5,-3],[6,1],[4,4],[4,8],[3,10],[9,9],[10,4],[3,-5],[-1,-9],[-3,-6],[0,-3],[0,-3],[-4,-6],[3,-5],[-1,-6],[-5,0],[2,-5],[0,-3],[-2,-4],[-1,-3],[-5,-4],[-1,-6],[0,-2],[1,-2],[7,-2],[7,2],[-1,-15],[0,-4],[2,-12],[3,-9],[10,-21],[4,-14],[6,-8],[7,-5],[5,1],[8,-3],[14,-2],[10,-4],[12,-1],[9,-11],[12,-1],[15,-3],[16,4],[2,3],[11,13],[6,7],[2,10],[5,7],[7,4],[10,2],[7,0],[5,1],[6,-2],[6,-5],[7,1],[6,-1],[7,-12],[8,-17],[5,-12],[3,-9],[1,-10],[-4,-13],[3,-13],[-3,-10],[-6,-14],[-1,-11],[-3,-2],[-7,5],[-6,3],[-5,-3],[-2,-6],[1,-8],[-1,-6],[-8,-2],[-3,-2],[-2,-7],[-6,-2],[-7,0],[-2,3],[-5,7],[-9,-2],[-2,-10],[4,-32],[6,-6],[6,-3],[21,-1],[13,9],[15,-8],[3,8],[17,-8],[19,-5],[9,4],[11,8],[6,-1],[-7,-14],[-3,-10],[0,-7],[-2,-4],[-5,-2],[-6,-9],[-1,-8],[-6,-11],[11,-7],[8,7],[10,0],[4,-2],[-9,-7],[-5,-7],[-2,-6],[6,-3],[3,2],[5,-1],[3,-4],[5,0],[1,5],[0,6],[3,0],[3,-8],[2,-4],[3,-2],[3,-1],[3,1],[2,3],[1,11],[6,-13],[-2,-6],[-8,-3],[-12,1],[-5,0],[-2,-9],[-6,-8],[-1,-13],[4,-3],[6,-8],[5,0],[3,-7],[4,1],[3,1],[2,-1],[2,-3],[2,-1],[4,3],[0,-3],[1,-2],[2,1],[5,7],[8,-2],[7,-2],[1,-5],[-7,2],[-7,-4],[-5,-2],[-10,-10],[-4,-6],[1,-3],[3,-2],[1,-4],[-3,-7],[-3,-3],[-2,-2],[-3,-3],[-3,-5],[4,-1],[10,2],[2,-3],[-3,-6],[-5,-5],[-6,-4],[-4,1],[-6,-7],[-15,2],[-3,-10],[0,-13],[-1,-1],[0,-2],[-1,-2],[-2,-1],[-1,-2],[-1,-8],[0,-7],[-3,-2],[-4,8],[-4,2],[-2,-6],[-5,-4],[-4,-8],[-4,-5],[-1,-2],[-1,-2],[0,-1],[0,-1],[1,-4],[-2,-5],[-5,-13],[-2,-3],[-5,-1],[-6,0],[-2,-2],[-2,-8],[-5,-13],[1,-6],[3,-5],[6,0],[2,-2],[6,-8],[-7,-9],[-7,-2],[-5,3],[-6,1]]]}