{"objects": {"japan": {"type": "GeometryCollection", "geometries": [{"major_island": "Honshu", "arcs": [[[0]], [[1]], [[2]], [[3, 4, 5, 6, 7]]], "region": "Chubu", "japanese": "\u611b\u77e5\u770c", "iso": "JP-23", "capital": "Nagoya", "prefecture": "Aichi", "type": "MultiPolygon"}, {"major_island": "Honshu", "arcs": [[[8]], [[9, 10, 11, 12, 13]]], "region": "Tohoku", "japanese": "\u79cb\u7530\u770c", "iso": "JP-05", "capital": "Akita", "prefecture": "Akita", "type": "MultiPolygon"}, {"major_island": "Honshu", "arcs": [[[14]], [[-14, 15, 16]]], "region": "Tohoku", "japanese": "\u9752\u68ee\u770c", "iso": "JP-02", "capital": "Aomori", "prefecture": "Aomori", "type": "MultiPolygon"}, {"major_island": "Honshu", "arcs": [[[17]], [[18, 19, 20, 21]]], "region": "Kanto", "japanese": "\u5343\u8449\u770c", "iso": "JP-12", "capital": "Chiba", "prefecture": "Chiba", "type": "MultiPolygon"}, {"major_island": "Shikoku", "arcs": [[[22]], [[23]], [[24]], [[25]], [[26]], [[27]], [[28]], [[29]], [[30]], [[31, 32, 33, 34]], [[35]], [[36]], [[37]], [[38]], [[39]], [[40]], [[41]], [[42]], [[43]]], "region": "Shikoku", "japanese": "\u611b\u5a9b\u770c", "iso": "JP-38", "capital": "Matsuyama", "prefecture": "Ehime", "type": "MultiPolygon"}, {"major_island": "Honshu", "arcs": [[44, 45, 46, 47, 48]], "region": "Chubu", "japanese": "\u798f\u4e95\u770c", "iso": "JP-18", "capital": "Fukui", "prefecture": "Fukui", "type": "Polygon"}, {"major_island": "Kyushu", "arcs": [[[49]], [[50]], [[51]], [[52]], [[53, 54, 55, 56, 57]]], "region": "Kyushu", "japanese": "\u798f\u5ca1\u770c", "iso": "JP-40", "capital": "Fukuoka", "prefecture": "Fukuoka", "type": "MultiPolygon"}, {"major_island": "Honshu", "arcs": [[58, 59, 60, 61, 62, 63, 64]], "region": "Tohoku", "japanese": "\u798f\u5cf6\u770c", "iso": "JP-07", "capital": "Fukushima", "prefecture": "Fukushima", "type": "Polygon"}, {"major_island": "Honshu", "arcs": [[65, -8, 66, 67, -45, 68, 69]], "region": "Chubu", "japanese": "\u5c90\u961c\u770c", "iso": "JP-21", "capital": "Gifu", "prefecture": "Gifu", "type": "Polygon"}, {"major_island": "Honshu", "arcs": [[-60, 70, 71, 72, 73]], "region": "Kanto", "japanese": "\u7fa4\u99ac\u770c", "iso": "JP-10", "capital": "Maebashi", "prefecture": "Gunma", "type": "Polygon"}, {"major_island": "Honshu", "arcs": [[[74]], [[75]], [[76]], [[77]], [[78]], [[79]], [[80]], [[81]], [[82]], [[83]], [[84]], [[85]], [[86]], [[87]], [[88]], [[89]], [[90]], [[91]], [[92]], [[93]], [[94, 95, 96, 97, 98]]], "region": "Chugoku", "japanese": "\u5e83\u5cf6\u770c", "iso": "JP-34", "capital": "Hiroshima", "prefecture": "Hiroshima", "type": "MultiPolygon"}, {"major_island": "Hokkaido", "arcs": [[[99]], [[100]], [[101]], [[102]], [[103]], [[104]], [[105]], [[106]], [[107]]], "region": "Hokkaido", "japanese": "\u5317\u6d77\u9053", "iso": "JP-01", "capital": "Sapporo", "prefecture": "Hokkaido", "type": "MultiPolygon"}, {"major_island": "Honshu", "arcs": [[[108]], [[109]], [[110]], [[111]], [[112]], [[113]], [[114]], [[115]], [[116, 117, 118, 119, 120, 121]]], "region": "Kansai", "japanese": "\u5175\u5eab\u770c", "iso": "JP-28", "capital": "Kobe", "prefecture": "Hyogo", "type": "MultiPolygon"}, {"major_island": "Honshu", "arcs": [[122, -20, 123, 124, -65]], "region": "Kanto", "japanese": "\u8328\u57ce\u770c", "iso": "JP-08", "capital": "Mito", "prefecture": "Ibaraki", "type": "Polygon"}, {"major_island": "Honshu", "arcs": [[[125]], [[-69, -49, 126, 127]]], "region": "Chubu", "japanese": "\u77f3\u5ddd\u770c", "iso": "JP-17", "capital": "Kanazawa", "prefecture": "Ishikawa", "type": "MultiPolygon"}, {"major_island": "Honshu", "arcs": [[-10, -17, 128, 129]], "region": "Tohoku", "japanese": "\u5ca9\u624b\u770c", "iso": "JP-03", "capital": "Morioka", "prefecture": "Iwate", "type": "Polygon"}, {"major_island": "Shikoku", "arcs": [[[130]], [[131]], [[-35, 132, 133]], [[134]], [[135]], [[136]], [[137]]], "region": "Shikoku", "japanese": "\u9999\u5ddd\u770c", "iso": "JP-37", "capital": "Takamatsu", "prefecture": "Kagawa", "type": "MultiPolygon"}, {"major_island": "Kyushu", "arcs": [[[138]], [[139]], [[140]], [[141]], [[142]], [[143]], [[144]], [[145]], [[146]], [[147]], [[148]], [[149]], [[150]], [[151]], [[152]], [[153]], [[154]], [[155]], [[156]], [[157]], [[158]], [[159]], [[160]], [[161]], [[162]], [[163]], [[164]], [[165]], [[166]], [[167]], [[168, 169, 170, 171, 172, 173]], [[174]], [[175]], [[176, 177, 178, 179, 180, 181, 182, 183]], [[184, 185, 186, 187]]], "region": "Kyushu", "japanese": "\u9e7f\u5150\u5cf6\u770c", "iso": "JP-46", "capital": "Kagoshima", "prefecture": "Kagoshima", "type": "MultiPolygon"}, {"major_island": "Honshu", "arcs": [[[188]], [[189]], [[190]], [[191, 192, 193, 194]]], "region": "Kanto", "japanese": "\u795e\u5948\u5ddd\u770c", "iso": "JP-14", "capital": "Yokohama", "prefecture": "Kanagawa", "type": "MultiPolygon"}, {"major_island": "Shikoku", "arcs": [[[195]], [[196]], [[197, 198, -33]]], "region": "Shikoku", "japanese": "\u9ad8\u77e5\u770c", "iso": "JP-39", "capital": "Kochi", "prefecture": "Kochi", "type": "MultiPolygon"}, {"major_island": "Kyushu", "arcs": [[[199, -179]], [[-201]], [[201, -172, 202, 203, 204, 205, 206, -181]], [[207, -187]], [[208]], [[209]], [[210]], [[211]], [[212]], [[213]], [[214]], [[215, -174, 216, -54, 217]]], "region": "Kyushu", "japanese": "\u718a\u672c\u770c", "iso": "JP-43", "capital": "Kumamoto", "prefecture": "Kumamoto", "type": "MultiPolygon"}, {"major_island": "Honshu", "arcs": [[218, 219, 220, 221, -122, 222, -47]], "region": "Kansai", "japanese": "\u4eac\u90fd\u5e9c", "iso": "JP-26", "capital": "Kyoto", "prefecture": "Kyoto", "type": "Polygon"}, {"major_island": "Honshu", "arcs": [[[223]], [[224]], [[225]], [[-7, 226, 227, 228, -220, 229, -67]]], "region": "Kansai", "japanese": "\u4e09\u91cd\u770c", "iso": "JP-24", "capital": "Tsu", "prefecture": "Mie", "type": "MultiPolygon"}, {"major_island": "Honshu", "arcs": [[[230]], [[231]], [[232]], [[233]], [[234]], [[235]], [[236]], [[237, -63, 238, -11, -130]]], "region": "Tohoku", "japanese": "\u5bae\u57ce\u770c", "iso": "JP-04", "capital": "Sendai", "prefecture": "Miyagi", "type": "MultiPolygon"}, {"major_island": "Kyushu", "arcs": [[[239]], [[240]], [[-216, 241, 242, -169]]], "region": "Kyushu", "japanese": "\u5bae\u5d0e\u770c", "iso": "JP-45", "capital": "Miyazaki", "prefecture": "Miyazaki", "type": "MultiPolygon"}, {"major_island": "Honshu", "arcs": [[-73, 243, 244, 245, -4, -66, 246, 247]], "region": "Chubu", "japanese": "\u9577\u91ce\u770c", "iso": "JP-20", "capital": "Nagano", "prefecture": "Nagano", "type": "Polygon"}, {"major_island": "Kyushu", "arcs": [[[248]], [[249]], [[250]], [[251]], [[252]], [[253]], [[254]], [[255]], [[256]], [[257]], [[258]], [[259]], [[260]], [[261]], [[262]], [[263]], [[264]], [[265]], [[266]], [[267]], [[268]], [[269]], [[270]], [[271, 272]], [[273]], [[274]], [[275]], [[276]], [[277]], [[278]], [[279]], [[280]], [[281]]], "region": "Kyushu", "japanese": "\u9577\u5d0e\u770c", "iso": "JP-42", "capital": "Nagasaki", "prefecture": "Nagasaki", "type": "MultiPolygon"}, {"major_island": "Honshu", "arcs": [[-229, 282, 283, -221]], "region": "Kansai", "japanese": "\u5948\u826f\u770c", "iso": "JP-29", "capital": "Nara", "prefecture": "Nara", "type": "Polygon"}, {"major_island": "Honshu", "arcs": [[[284]], [[285]], [[-61, -74, -248, 286, 287, 288]]], "region": "Chubu", "japanese": "\u65b0\u6f5f\u770c", "iso": "JP-15", "capital": "Niigata", "prefecture": "Niigata", "type": "MultiPolygon"}, {"major_island": "Kyushu", "arcs": [[[289]], [[290]], [[-218, -58, 291, -242]], [[292]]], "region": "Kyushu", "japanese": "\u5927\u5206\u770c", "iso": "JP-44", "capital": "Oita", "prefecture": "Oita", "type": "MultiPolygon"}, {"major_island": "Honshu", "arcs": [[[293]], [[294]], [[295]], [[296]], [[297]], [[298]], [[299]], [[300]], [[301]], [[302]], [[303]], [[304]], [[-119, 305, -96, 306]]], "region": "Chugoku", "japanese": "\u5ca1\u5c71\u770c", "iso": "JP-33", "capital": "Okayama", "prefecture": "Okayama", "type": "MultiPolygon"}, {"major_island": "Ryukyu Islands", "arcs": [[[307]], [[308]], [[309]], [[310]], [[311]], [[312]], [[313]], [[314]], [[315]], [[316]], [[317]], [[-319]], [[319]], [[320]], [[321]], [[322]], [[323]], [[324]], [[325]], [[326]], [[327]], [[328]], [[329]], [[330]], [[331]], [[332]], [[333]], [[334]], [[335]], [[336]], [[337]], [[338]], [[339]]], "region": "Kyushu", "japanese": "\u6c96\u7e04\u770c", "iso": "JP-47", "capital": "Naha", "prefecture": "Okinawa", "type": "MultiPolygon"}, {"major_island": "Honshu", "arcs": [[[340]], [[341]], [[342]], [[-284, 343, 344, -117, -222]]], "region": "Kansai", "japanese": "\u5927\u962a\u5e9c", "iso": "JP-27", "capital": "Osaka", "prefecture": "Osaka", "type": "MultiPolygon"}, {"major_island": "Kyushu", "arcs": [[[345, -273, 346, -56]], [[347]], [[348]], [[349]]], "region": "Kyushu", "japanese": "\u4f50\u8cc0\u770c", "iso": "JP-41", "capital": "Saga", "prefecture": "Saga", "type": "MultiPolygon"}, {"major_island": "Honshu", "arcs": [[350, -124, -19, 351, 352, -244, -72]], "region": "Kanto", "japanese": "\u57fc\u7389\u770c", "iso": "JP-11", "capital": "Saitama", "prefecture": "Saitama", "type": "Polygon"}, {"major_island": "Honshu", "arcs": [[-68, -230, -219, -46]], "region": "Kansai", "japanese": "\u6ecb\u8cc0\u770c", "iso": "JP-25", "capital": "Otsu", "prefecture": "Shiga", "type": "Polygon"}, {"major_island": "Honshu", "arcs": [[[353]], [[-99, 354, 355, 356]], [[357]], [[358]], [[359]], [[360]], [[361]]], "region": "Chugoku", "japanese": "\u5cf6\u6839\u770c", "iso": "JP-32", "capital": "Matsue", "prefecture": "Shimane", "type": "MultiPolygon"}, {"major_island": "Honshu", "arcs": [[[362]], [[363]], [[364]], [[365]], [[366]], [[367]], [[368]], [[369]], [[370]], [[371]], [[372]], [[373]], [[374]], [[375]], [[376]], [[-192, 377, -5, -246, 378]]], "region": "Chubu", "japanese": "\u9759\u5ca1\u770c", "iso": "JP-22", "capital": "Shizuoka", "prefecture": "Shizuoka", "type": "MultiPolygon"}, {"major_island": "Honshu", "arcs": [[-125, -351, -71, -59]], "region": "Kanto", "japanese": "\u6803\u6728\u770c", "iso": "JP-09", "capital": "Utsunomiya", "prefecture": "Tochigi", "type": "Polygon"}, {"major_island": "Shikoku", "arcs": [[[379]], [[380]], [[-32, -134, 381, -198]], [[382]]], "region": "Shikoku", "japanese": "\u5fb3\u5cf6\u770c", "iso": "JP-36", "capital": "Tokushima", "prefecture": "Tokushima", "type": "MultiPolygon"}, {"major_island": "Honshu", "arcs": [[[383]], [[384]], [[385]], [[386]], [[-22, 387, -194, 388, -352]]], "region": "Kanto", "japanese": "\u6771\u4eac\u90fd", "iso": "JP-13", "capital": "Shinjuku", "prefecture": "Tokyo", "type": "MultiPolygon"}, {"major_island": "Honshu", "arcs": [[-307, -95, -357, 389, -120]], "region": "Chugoku", "japanese": "\u9ce5\u53d6\u770c", "iso": "JP-31", "capital": "Tottori", "prefecture": "Tottori", "type": "Polygon"}, {"major_island": "Honshu", "arcs": [[-247, -70, -128, 390, -287]], "region": "Chubu", "japanese": "\u5bcc\u5c71\u770c", "iso": "JP-16", "capital": "Toyama", "prefecture": "Toyama", "type": "Polygon"}, {"major_island": "Honshu", "arcs": [[[391]], [[-283, -228, 392, -344]]], "region": "Kansai", "japanese": "\u548c\u6b4c\u5c71\u770c", "iso": "JP-30", "capital": "Wakayama", "prefecture": "Wakayama", "type": "MultiPolygon"}, {"major_island": "Honshu", "arcs": [[-239, -62, -289, 393, -12]], "region": "Tohoku", "japanese": "\u5c71\u5f62\u770c", "iso": "JP-06", "capital": "Yamagata", "prefecture": "Yamagata", "type": "Polygon"}, {"major_island": "Honshu", "arcs": [[[394]], [[395]], [[396]], [[397]], [[398]], [[399]], [[400]], [[401]], [[402]], [[403]], [[404]], [[405]], [[406]], [[407]], [[408]], [[409]], [[410]], [[411]], [[412]], [[413]], [[414]], [[-98, 415, -355]], [[416]]], "region": "Chugoku", "japanese": "\u5c71\u53e3\u770c", "iso": "JP-35", "capital": "Yamaguchi", "prefecture": "Yamaguchi", "type": "MultiPolygon"}, {"major_island": "Honshu", "arcs": [[-353, -389, -193, -379, -245]], "region": "Chubu", "japanese": "\u5c71\u68a8\u770c", "iso": "JP-19", "capital": "Kofu", "prefecture": "Yamanashi", "type": "Polygon"}]}}, "type": "Topology", "transform": {"translate": [122.933198, 24.049345279595357], "scale": [0.003105637278033368, 0.002147544884124941]}, "arcs": [[[4542, 4975], [4, -8], [-6, 3], [2, 5]], [[4633, 5002], [-2, -5], [-4, 6], [6, -1]], [[4470, 5100], [-4, 3], [6, 4], [-2, -7]], [[4711, 5232], [-5, -16], [11, -16], [0, -10], [34, 16], [25, -6], [4, -8], [14, 5]], [[4794, 5197], [-5, -19], [8, -9], [-9, -12], [1, -9], [-32, -43], [0, -21], [-15, -14], [-6, -23], [-17, -19], [-28, -11], [-2, -19], [-5, -5], [3, -45]], [[4687, 4948], [-112, -40], [-40, -5], [15, 37], [9, -1], [4, -11], [9, 3], [43, 27], [-1, 9], [7, 7], [5, -2], [1, -15], [-6, -7], [7, 0], [6, 10], [-5, 0], [0, 11], [16, -2], [-13, 6], [1, 18], [22, 0], [-16, 2], [5, 6], [-8, -4], [-9, 14], [-17, -3], [-11, 9], [-1, -9], [-7, 0], [-4, -18], [-3, 10], [-20, 2], [-7, -7], [-11, 2], [-1, 7], [0, -8], [-7, 0], [-4, 4], [3, 8], [-3, -6], [-5, 9], [4, 18], [-7, -15], [-3, 3], [14, 27], [-17, -25], [-5, 4], [9, 27], [-2, 41], [-2, -34], [-7, -10], [5, -6], [-8, 3], [1, -7], [-5, -1], [-4, -43], [17, -18], [3, -13], [-17, 1], [-26, 24], [8, 37], [-15, 31], [0, 29], [11, 16], [-4, 3], [9, 0], [-6, 4], [4, 11], [10, 1], [-5, 2], [2, 8], [7, 2], [-8, 0], [-6, -9], [11, 17], [-10, 3], [-8, -27], [-2, 38], [1, -16], [-5, -2], [-13, 18], [16, -24], [2, -16], [-9, -2], [-1, 12], [-3, -11], [-6, 3], [4, -9], [-18, 7]], [[4445, 5113], [-10, 41], [-12, 13]], [[4423, 5167], [4, 42], [28, 58], [20, -3], [28, 10], [24, 22], [0, -11], [19, -17], [-1, -13], [8, -4], [3, -15], [26, -7], [8, -13], [40, 17], [11, -14], [13, 0], [0, -7], [16, -9], [28, 27], [13, 2]], [[5493, 7471], [24, -25], [-3, -36], [-14, -16], [-29, 14], [7, 20], [-4, 12], [19, 31]], [[5804, 7542], [-30, -35], [7, -8], [-3, -29], [-8, -8], [-1, -49], [10, -45], [-9, -4], [-8, 9], [-13, -8], [1, -20], [18, -12], [-20, -29], [11, -21], [2, -20], [-8, -22], [-21, -17], [3, -13], [-7, -25], [-13, -16], [1, -14], [-7, -3], [-1, -11], [6, -2], [10, -23], [-3, -17], [27, -28], [-5, -19], [14, -9], [-18, -20], [5, -4], [-5, -18], [18, -15], [-13, -25], [2, -21]], [[5746, 6941], [-12, -3], [-27, -29], [-33, -4]], [[5674, 6905], [-4, 9], [-11, -3], [-14, 12], [-9, 34], [-18, 1], [-5, 14], [-11, 5], [-7, -10], [-34, 10], [-3, 12], [-13, -4], [-25, 16], [-4, 12], [1, 10], [-22, -13], [-41, 7]], [[5454, 7017], [11, 27], [-4, 17], [8, 31], [15, 7], [16, 43], [12, 3], [-12, -1], [16, 115], [-3, 47], [-9, 12], [19, -20], [-11, 23], [-7, -1], [4, 8], [-10, 26], [-20, 22], [8, -3], [-6, 7], [6, 10], [14, -5], [10, -16], [3, 21], [-5, 7], [9, 23], [1, 26], [-5, 14], [-24, 11], [-1, -11], [-17, -22], [5, -9], [-7, -22], [9, -7], [3, -17], [-4, -6], [-27, 2], [-5, -9], [5, -5], [-5, -1], [5, -5], [-10, 7], [-25, -5], [-6, 22], [-10, 11], [0, 8], [6, 4], [-7, 3], [-2, 16], [2, 6], [8, -12], [24, -12], [10, 4], [24, 26], [15, 29], [13, 43], [-2, 12], [12, 8], [-6, 2], [7, 61], [-29, 35]], [[5475, 7627], [20, 1], [7, -6], [4, 16], [12, 6], [1, 0], [12, -14], [37, -3], [36, 4], [9, 18], [21, 2], [4, -15], [29, -9], [3, -13], [17, 15], [20, -15], [37, 23], [12, -1], [4, 19], [20, 9], [-3, -43], [35, 5], [5, -34], [-15, -27], [2, -23]], [[5287, 8137], [10, -7], [-14, -6], [-1, 12], [5, 1]], [[5475, 7627], [4, 32], [-3, 26], [-7, 15], [-16, -1], [-3, 15], [14, 14], [8, -1], [3, 13], [5, 0], [16, 32], [11, 8], [10, 4], [20, -12], [23, 19], [14, 2], [16, 39], [9, 78], [11, -18], [6, 14], [13, -1], [-24, 12], [-6, -6], [-1, 26], [-11, 13], [-11, 1], [2, 7], [15, -4], [6, 8], [7, 52], [39, -36], [27, 21], [18, -6], [11, -13], [-2, -41], [6, -45], [12, -58], [15, -22], [22, 2], [19, 23], [4, 25], [-9, 5], [9, 11], [2, 17], [24, -9], [11, -17], [-3, -10], [27, -8], [12, -19], [10, 0], [15, 14], [17, 42], [5, 52], [10, 24], [-13, 38], [-19, 18], [5, 7], [-11, -7], [-9, -16], [9, 9], [-3, -10], [-30, -27], [-25, 8], [-11, -12], [-29, -6], [-14, -16], [-16, 9], [12, 85], [7, 8], [5, 33], [23, 36], [-4, 15], [6, 10], [27, -29], [36, -10], [26, -35], [24, -16], [31, 5], [33, 30], [-24, -122], [3, -33], [-5, -58], [9, -100], [16, -71], [10, -18], [-3, -3], [9, -5], [-3, -4], [10, -1], [-9, -3], [23, 5], [35, -44]], [[6038, 7636], [-31, -21], [-1, -15], [-15, -12], [-20, 14], [-23, -6], [-16, -16], [-11, 20], [-32, -27], [-26, -7], [-12, -9], [0, -13], [-24, -15], [-16, 0], [-7, 13]], [[5487, 5416], [2, -5], [-7, 2], [5, 3]], [[5455, 5469], [6, 5], [3, 26], [-27, 61], [-1, 21], [-11, 26]], [[5425, 5608], [6, 0], [33, -55], [11, -4], [4, -14], [57, -30], [9, -14], [41, 13], [13, -4], [14, 16], [33, 10], [17, -10], [15, 1], [19, -19], [20, -5], [18, -29], [41, -30]], [[5776, 5434], [-2, -13], [-12, 10], [-25, -9], [-25, 0], [-46, -38], [-23, -33], [-17, -41], [-5, -45], [8, -23], [-8, -1], [6, -4], [0, -21], [-8, -30], [-11, -2], [-12, -22], [-4, 8], [-31, -20], [-4, 8], [-21, -3], [-9, -21], [-36, -27], [-9, -23], [2, -12], [-7, -12], [-32, -6], [-6, 4], [-4, 14], [-19, 11], [0, 6], [13, -2], [21, 11], [-2, 12], [-14, 7], [7, 2], [-4, 11], [8, 9], [-6, 7], [5, 14], [-8, 19], [5, 15], [13, 5], [0, 12], [-7, 22], [-21, 12], [11, 1], [7, 9], [-6, 4], [3, 4], [9, -2], [-4, 13], [16, -8], [-2, 6], [9, 8], [-4, 1], [1, 12], [-4, -3], [2, 10], [15, 5], [1, 7], [4, -2], [-3, -4], [5, 2], [-2, 9], [5, 3], [3, -10], [5, 13], [5, -6], [-3, 8], [7, 4], [-2, 4], [11, 19], [6, -10], [-3, 13], [9, -9], [-3, 10], [9, -5], [0, 5], [-8, 6], [11, 2], [-13, 0], [-1, 9], [9, -7], [2, 11], [-9, -1], [3, 5], [-5, 4], [0, -8], [-22, 28], [-9, -1], [5, 5], [-5, 0], [0, 11], [-10, -2], [-1, -6], [-7, 14]], [[5473, 5426], [-18, 43]], [[3004, 4254], [5, -6], [5, 4], [-1, -9], [7, 1], [1, -6], [-15, 8], [-2, 8]], [[3049, 4264], [5, -5], [-5, -5], [-4, 6], [4, 4]], [[3041, 4270], [-6, -14], [-4, 8], [10, 6]], [[3086, 4280], [5, -8], [-8, 2], [3, 6]], [[3145, 4599], [-9, -14], [5, -9], [-8, -2], [2, 12], [-5, 2], [15, 11]], [[3136, 4613], [-8, 3], [4, 6], [4, -9]], [[3100, 4631], [-6, -16], [-2, 13], [8, 3]], [[3360, 4637], [0, -6], [-6, 1], [6, 5]], [[3129, 4638], [-7, -18], [4, -7], [-13, -6], [-7, 12], [23, 19]], [[3464, 4638], [-4, -13], [4, -30], [-9, -18]], [[3455, 4577], [-25, -7], [-12, 6], [-15, -24], [-26, 6], [-30, -12], [-15, 7], [-10, -20], [-9, -3], [-8, 6], [-24, -58], [-14, -7], [1, -21], [-11, -16], [5, -15], [-15, -29], [-19, -6], [-36, 5], [-12, -8], [18, -44], [12, -10], [0, -11], [-34, -22], [-8, -33], [-10, -3], [-14, -27], [-23, 20], [2, -23], [12, -17], [-3, -18], [8, -25], [0, -27], [-7, -9]], [[3133, 4132], [-21, -5], [-4, 12], [5, 4], [-17, -1], [6, -7], [-17, 9], [-3, -3], [7, -4], [-9, -7], [9, -2], [-11, -8], [-10, 19], [13, 8], [-10, 7], [9, 8], [-2, -11], [20, -3], [-14, 9], [-2, 13], [-7, 3], [0, 17], [-10, 0], [0, -6], [-11, 11], [-7, -21], [-5, 4], [5, 3], [3, 19], [9, -8], [4, 6], [12, -4], [-1, 13], [-6, -4], [6, 10], [-11, 13], [7, 1], [1, -6], [17, 6], [-26, 4], [-6, 10], [13, 7], [-18, 16], [16, 2], [0, -11], [8, -1], [1, -10], [2, 9], [7, -5], [-2, 10], [-6, 1], [4, 4], [13, 4], [0, 7], [6, -3], [-13, 13], [7, 10], [-11, -6], [-8, 8], [-5, -10], [5, 17], [13, 12], [-30, 2], [-3, -8], [-16, 7], [2, 9], [14, 8], [-5, 3], [4, 10], [-11, -10], [-2, 11], [6, 6], [-5, 9], [11, 12], [-10, 0], [12, 9], [-11, -1], [3, 8], [-7, -8], [-7, 13], [0, -6], [-9, -1], [-2, -10], [-6, 11], [-6, -13], [-32, -17], [-9, -17], [-16, -6], [5, 13], [-8, -1], [-26, -20], [35, 36], [4, -9], [1, 9], [9, -5], [-6, 11], [8, -4], [0, 10], [17, -1], [5, 10], [6, -7], [0, 11], [53, 34], [17, 29], [12, -11], [-11, 13], [54, 36], [17, 32], [-4, 15], [4, 6], [-5, 2], [9, 23], [-5, 9], [4, 13], [15, 2], [3, 41], [32, 28], [18, 3], [2, 20], [-11, 5], [10, -1], [6, 11], [9, -16], [3, 5], [8, -23], [10, -8], [18, -52], [8, 2], [0, -9], [3, 8], [0, -16], [3, 10], [9, -7], [-4, 9], [8, -2], [-1, 5], [7, 3], [1, -6], [1, 7], [17, 4], [1, 11], [2, -9], [2, 11], [7, -5], [10, 10], [5, -7], [1, 6], [6, -6], [12, 6], [39, -10], [26, 33]], [[3434, 4653], [30, -15]], [[3241, 4707], [3, -4], [-6, 1], [3, 3]], [[3253, 4725], [24, -12], [-22, -27], [-9, -2], [0, 15], [4, 8], [5, -3], [-7, 13], [5, 8]], [[3202, 4724], [5, -2], [-4, -7], [-6, 9], [5, 0]], [[3220, 4721], [-5, -1], [1, 7], [4, -6]], [[3277, 4743], [0, -7], [10, 0], [-7, -7], [2, -5], [-9, 5], [-5, -6], [-9, 8], [3, 12], [15, 0]], [[3291, 4764], [4, -11], [-11, -7], [0, 11], [7, 7]], [[3296, 4766], [5, -12], [-5, 2], [0, 10]], [[3316, 4769], [2, -6], [-12, -18], [-1, 14], [11, 10]], [[3247, 4772], [13, -18], [0, -18], [-35, -13], [1, 14], [12, 0], [2, 12], [-10, 7], [7, 3], [-1, 10], [11, 3]], [[4451, 5605], [4, -10], [-8, -7], [-4, -27], [8, -7], [-1, -10], [13, -5], [-2, -9], [10, -10], [5, -24], [-10, -9], [-3, -15], [-22, 1], [-18, -10], [-7, 10], [-24, -13], [-13, 4], [-9, -15], [-5, 10], [-37, 8], [-14, -10], [-1, -18], [-16, -32]], [[4297, 5407], [-26, 16], [-14, -1], [-5, -13], [13, -33], [-2, -15], [-18, 6], [-6, -20], [-21, -3], [-7, -17], [-8, -2], [-12, 15], [-17, -53], [-10, -6], [-16, 8], [-1, -9], [-13, -17]], [[4134, 5263], [-23, -5], [-53, 15], [-2, 17], [-21, 24], [5, 19], [-9, 8], [7, 17]], [[4038, 5358], [4, 1], [-6, -12], [5, 1], [-1, -6], [9, 6], [-3, 9], [6, -2], [-3, -20], [6, -7], [16, 1], [27, 24], [3, -10], [-8, 1], [-6, -17], [-14, 0], [19, -5], [19, 8], [5, -6], [16, 24], [-16, -6], [0, 9], [-9, 2], [9, 11], [11, -1], [1, -10], [6, -1], [-2, 6], [11, -15], [11, 6], [-10, 16], [12, -4], [6, 12], [-10, 9], [4, 6], [-7, 11], [16, -17], [36, 10], [2, 7], [-7, 6], [4, 18], [-2, 8], [-5, -5], [0, 10], [20, 19], [9, -27], [-6, -12], [6, -11], [9, 2], [2, 20], [6, 10], [-4, 6], [5, 4], [0, 15], [-10, 21], [-24, 29], [1, 22], [-13, 22], [17, 25], [14, 44], [13, 11], [6, 18], [-1, -9], [6, 9], [-2, 27], [14, 0], [25, 21]], [[4286, 5702], [28, -31], [4, -23], [6, -8], [15, 3], [18, -16], [9, 10], [20, -2], [30, -28], [4, -12], [31, 10]], [[2375, 4451], [-5, 3], [2, 11], [3, -14]], [[2392, 4525], [6, -4], [-6, -2], [0, 6]], [[2419, 4594], [-5, -13], [-8, 5], [1, 6], [12, 2]], [[2543, 4609], [4, -4], [-20, 0], [16, 4]], [[2548, 4216], [-36, 22], [-13, -1], [-3, 9], [-8, -29], [-25, 3], [-27, -29], [3, -22], [-34, 2]], [[2405, 4171], [7, 3], [-6, 2], [6, 9], [-4, 21], [7, 14], [-8, -11], [-6, 3], [2, 6], [-8, 6], [4, 12], [-9, 0]], [[2390, 4236], [2, 25], [10, 20], [30, 29], [9, 17], [8, -1], [0, 45], [-19, -1], [-16, -19], [-10, 14], [-40, 25], [-77, -4]], [[2287, 4386], [3, 13], [26, 7], [0, 6], [9, 6], [3, 11], [-15, -7], [6, 10], [-12, -2], [-4, 8], [20, 7], [3, 15], [14, 6], [2, 12], [10, -8], [-4, -7], [3, -8], [13, -3], [-2, -7], [-8, 0], [10, -6], [15, 8], [7, -7], [10, 10], [5, -5], [-2, 6], [9, 5], [-1, 11], [9, -3], [-10, 7], [9, 4], [-1, 12], [-20, -9], [-4, -11], [-18, 8], [-3, 13], [13, -13], [19, 10], [24, 30], [1, 16], [-6, 3], [-1, 13], [9, 1], [2, 19], [9, -7], [5, 22], [37, -2], [20, 25], [16, -7], [3, 5], [-1, -7], [7, 7], [13, -4], [-6, -16], [-15, -6], [-3, 5], [2, -10], [17, 10], [1, -6], [6, 20], [9, 5], [-1, -6], [6, 0], [-6, -5], [7, 5], [4, -6], [-6, -4], [9, 1], [-5, -4], [14, 4], [14, 30], [18, 0], [1, -9], [-7, -8], [4, -3], [-8, -9], [5, -5], [-6, -3], [3, -15], [-13, -10], [4, -9], [11, 3], [-3, -20], [8, -2], [-12, -16], [12, 7], [14, -44], [13, -17], [9, 6], [16, -6], [2, -6]], [[2657, 4450], [-2, -46], [-63, -1], [-26, -28], [-5, -32], [-16, -17], [10, -22], [-13, -25], [6, -4], [0, -12], [13, -15], [-13, -32]], [[5579, 5999], [-5, 7], [3, 35], [-14, -1], [-4, 18], [-30, 27], [-45, 15], [-31, -2], [-14, -12], [0, -14], [-46, -16], [-46, -36], [-23, -4], [-11, -20], [-15, -8]], [[5298, 5988], [-38, 13], [-9, -3], [0, 7]], [[5251, 6005], [6, 48], [-7, 26], [6, 24], [-8, 18], [-11, 3], [-9, 15], [16, 26], [6, 25], [-1, 20], [-11, 10], [9, 18], [44, 10], [11, -5], [6, 23], [6, 2], [14, -5], [35, 5], [-11, 64], [25, 19], [9, 29], [26, 32]], [[5412, 6412], [13, 4], [10, -13], [16, 11], [10, -7], [15, 8], [16, -32], [20, 9], [24, -21], [12, 10], [22, -4], [21, 30], [-9, 7], [5, 70]], [[5587, 6484], [22, -13], [19, 11], [19, -13], [5, -20], [28, 9], [29, -9], [9, -9], [-3, -21], [5, -14], [30, -15], [-5, 10], [28, 3], [-1, 41], [23, 2]], [[5795, 6446], [7, -24], [7, -6], [-8, -4], [7, -1], [-2, -13], [5, -5], [-2, 21], [4, 0], [13, -74], [-3, -10], [9, -76], [-6, -72], [4, -3], [-8, -31], [1, -10], [4, 3], [-9, -17], [1, -26], [-10, -41], [3, -29], [-4, -10], [-15, -17], [-7, 4], [-20, -17], [-15, 1], [6, -3], [-6, -22]], [[5751, 5964], [-49, 18], [-20, 20], [-2, -7], [7, -25], [-18, -9], [-24, -27], [-7, 11], [-18, 8], [-6, 22], [-13, 5], [-13, 19], [-9, 0]], [[4719, 5745], [3, -10], [17, -12], [1, -11], [-1, -15], [-23, -34], [5, -21], [-12, -13], [0, -16], [19, -14], [-6, -30], [-17, -15], [-21, -40], [-13, 5], [-19, -6], [-16, -36], [42, -25], [13, -34], [13, -14], [-7, -19], [6, -14], [-1, -21], [5, -11], [18, 6], [9, -10], [0, -18], [-11, -13], [12, -19], [-14, -6], [4, -25], [-14, -12], [0, -10]], [[4423, 5167], [-7, 8], [0, -7], [-7, -1], [-23, 33], [-8, 18], [-5, -9], [-31, -10]], [[4342, 5199], [-12, 14], [6, 4], [5, 28], [1, 26], [9, 8], [-9, 17], [2, 19], [-11, 12], [4, 18], [-9, 13], [-5, -9], [-13, 5], [2, 31], [-10, 2], [-5, 20]], [[4451, 5605], [8, 21], [-3, 14], [10, 4], [15, 32], [-17, 27]], [[4464, 5703], [9, 1], [5, 21], [13, 11], [4, -12], [5, 7], [15, -10], [6, -14], [-4, -14], [5, -2], [23, 23], [4, 22], [12, 6], [22, 33], [9, 0], [4, -8], [14, 11], [20, 1], [4, -17], [22, 15], [4, -15], [19, -7], [11, 7], [14, -16], [15, -1]], [[5298, 5988], [-10, -29], [17, -8], [-17, -27], [5, -23], [-10, -16], [-3, -27], [24, -14], [20, 2], [6, -13], [-14, -13], [-6, -23], [5, -14], [-19, -30], [-3, -18], [17, -15], [-1, -11], [19, -19], [16, 6], [12, -8], [18, 3], [13, -25]], [[5387, 5666], [-13, -14], [-12, 9], [-38, -9], [-30, 25], [-14, -4], [-34, 9], [-31, 11], [-20, -38], [0, -17], [-7, -15], [-25, -1], [-7, -15], [-25, -8], [-15, -19], [-20, -1], [-13, -19]], [[5083, 5560], [-21, 12], [-7, 34], [6, 6], [-5, 13], [-10, 2], [-8, 15], [11, -3], [7, 9], [0, 15], [-7, 9], [-3, 21], [17, 13], [-4, 50], [-13, 5], [-19, -10], [-25, 1], [-20, 14], [-1, 25], [9, 31], [0, 19], [16, 23], [16, 3], [0, 20], [29, 7], [25, 16]], [[5076, 5910], [4, -3], [6, 12], [20, -9], [13, 13], [-2, 19], [35, 11], [-4, 9], [5, 18], [15, 2], [-5, 37], [27, 5], [14, 14], [2, 18], [25, -29], [1, -14], [19, -8]], [[3092, 4667], [-2, -12], [-3, 3], [5, 9]], [[3045, 4715], [7, -3], [1, -9], [-9, 0], [1, 12]], [[3172, 4709], [-4, 6], [5, 6], [4, -6], [-5, -6]], [[3193, 4722], [6, -6], [-21, -10], [1, 10], [14, 6]], [[3137, 4728], [0, -13], [-10, -2], [10, 15]], [[3148, 4729], [16, -6], [2, -8], [-9, -8], [0, 7], [-16, 4], [0, 7], [7, 4]], [[3219, 4766], [4, -3], [-9, -20], [2, -10], [-18, -4], [-7, 8], [-1, 9], [15, 9], [5, -6], [9, 17]], [[3077, 4765], [2, -23], [-8, -24], [6, -18], [-19, -7], [5, 24], [4, -1], [-5, 8], [-6, -7], [-17, 37], [16, -1], [6, -15], [6, 3], [5, -10], [-1, 15], [-12, 4], [4, 7], [-3, 9], [12, -1], [2, 6], [3, -6]], [[3215, 4773], [-1, -10], [-3, 3], [4, 7]], [[3027, 4776], [4, -11], [-24, -23], [-3, 9], [7, 14], [16, 11]], [[3285, 4781], [3, -15], [-16, -13], [-8, 2], [6, 24], [15, 2]], [[3063, 4779], [-1, -7], [-9, 1], [8, 12], [2, -6]], [[3268, 4788], [1, -9], [-6, -5], [-1, 11], [6, 3]], [[3291, 4800], [7, -1], [2, -11], [5, 3], [4, -9], [-4, -20], [-20, 25], [6, 13]], [[3279, 4801], [3, -12], [-5, -8], [-5, 6], [7, 14]], [[3344, 4806], [8, 0], [-3, -7], [-10, -6], [-5, 6], [-1, -8], [-7, -2], [1, 7], [17, 10]], [[3326, 4812], [5, -2], [-2, -8], [-3, 10]], [[3296, 4813], [1, -5], [-5, 0], [4, 5]], [[3065, 4803], [-4, -2], [4, 15], [0, -13]], [[3312, 4823], [7, -4], [-9, -20], [-12, 5], [-1, 13], [15, 6]], [[3288, 5133], [0, -5], [34, 6], [7, -9]], [[3329, 5125], [16, -24], [-7, -24], [4, -9], [-4, -22], [26, -39], [-6, -36], [14, -27], [-6, -23], [20, -32], [2, -34]], [[3388, 4855], [-3, 4], [-1, -18], [-12, 16], [11, -21], [-17, -7], [-1, -17], [-5, -7], [-25, 7], [-3, 8], [-12, -5], [10, 13], [-11, 11], [-2, -14], [-34, -13], [-32, 6], [20, -6], [-4, -18], [-10, -7], [-31, 4], [-10, -6], [-2, 5], [-22, -21], [-4, 11], [-12, -1], [-4, -17], [-12, 1], [3, -10], [6, 0], [-5, -7], [-19, -2], [-6, -13], [-4, 5], [-11, -9], [-6, 6], [1, 7], [-4, -5], [7, 16], [-19, -25], [-12, -4], [8, -8], [-11, -7], [11, -4], [-6, -19], [12, 9], [5, -6], [-7, 0], [-5, -22], [-4, 1], [2, 6], [-5, 10], [-23, -10], [-5, 5], [3, 10], [16, 10], [-1, 21], [12, 7], [-2, 12], [8, 6], [-14, 10], [1, 12], [-7, 15], [3, 10], [-4, 1], [16, 16], [-13, -8], [-3, 14], [2, -13], [-6, 3], [-5, -11], [-2, 10], [-2, -8], [-4, 4], [7, 8], [-3, 12], [-5, -17], [0, 11], [-6, -11], [-15, 5], [1, -5], [-17, -10], [-13, -26], [-16, -13], [-3, -10], [4, -3]], [[2995, 4739], [-26, 3], [-9, 45], [-17, 11], [2, 43], [-4, 13]], [[2941, 4854], [-8, 12], [4, 13], [20, 16], [4, 35], [11, 20], [-9, 7], [29, 26], [5, 22], [13, -2], [6, -9], [4, 8], [20, 3], [9, -8], [14, 16], [4, -8], [26, -3], [24, 21], [16, -3], [7, 8], [6, -2], [0, 17], [-18, 13], [14, 19], [20, 5], [39, 65], [25, -12], [13, 12], [16, -16], [23, 9], [10, -5]], [[5354, 8477], [0, -12], [-14, -25], [-4, -36], [-18, -21], [-9, 9], [1, 30], [-7, 20], [12, 19], [31, 6], [8, 10]], [[7298, 8928], [4, -5], [-4, -4], [-3, 3], [3, 6]], [[7241, 8958], [14, -8], [-18, 6], [4, 2]], [[7192, 9109], [22, -9], [4, -13], [-8, -6], [-11, 4], [15, 2], [1, 9], [-11, 8], [-8, -4], [4, 6], [-16, -5], [8, 8]], [[5922, 9496], [1, -10], [-11, -3], [10, 13]], [[5955, 9498], [-1, -9], [-14, 3], [15, 6]], [[5880, 9876], [12, -11], [14, 0], [16, -23], [1, -16], [-14, -20], [-18, -4], [-20, 17], [-13, 23], [5, 2], [-1, 15], [18, 17]], [[5810, 9967], [11, -10], [7, 4], [0, 9], [11, -17], [-8, -70], [-9, 5], [3, 11], [-14, 34], [4, 21], [-10, 6], [5, 4], [-3, 8], [3, -5]], [[6120, 9999], [26, -32], [10, -25], [37, -28], [79, -104], [29, -26], [10, -15], [2, -17], [14, -14], [1, -19], [15, -15], [8, -23], [44, -58], [43, -40], [19, -31], [117, -89], [10, -21], [42, -26], [-8, -7], [5, -3], [5, 0], [0, 9], [13, -8], [-5, 2], [1, -10], [5, 8], [71, -32], [-36, 4], [12, -15], [8, -25], [4, 7], [5, -10], [5, 4], [5, -6], [39, 7], [-2, -5], [10, -8], [11, 23], [12, 0], [-13, -1], [-57, 23], [127, -34], [-23, -7], [-5, -28], [6, -10], [24, 19], [0, 26], [17, 4], [3, -35], [11, -8], [-2, -5], [6, -14], [20, -11], [-6, -7], [9, 1], [5, -9], [19, -3], [-5, 3], [4, 4], [-27, 9], [95, -20], [31, 5], [27, 14], [58, 69], [57, 45], [42, 67], [7, 0], [8, -38], [-13, -31], [-22, -27], [-9, -40], [-29, -37], [-15, -36], [-2, -28], [-9, -12], [3, -28], [22, -44], [37, -17], [-21, 3], [18, -43], [13, -69], [27, -31], [-19, 9], [-5, 12], [-25, -6], [7, -9], [0, -12], [14, 11], [15, -5], [1, -5], [-12, 2], [5, -15], [7, -1], [-4, 5], [4, 1], [19, -11], [30, 6], [10, -14], [-3, -13], [9, 13], [-7, 12], [-6, -1], [9, 18], [42, 40], [27, 1], [4, -7], [5, 9], [18, -6], [-2, -8], [-21, -17], [-13, 1], [-9, -11], [-14, 4], [-15, -19], [-7, 2], [-3, -30], [-9, -4], [0, -11], [-7, 0], [5, -6], [-2, -5], [-7, -2], [2, 8], [-5, 5], [-20, 1], [-45, -9], [-24, -15], [-21, 4], [-10, -11], [0, -15], [19, -7], [-15, -3], [-6, 6], [-7, -12], [-5, 11], [0, -13], [-8, -1], [14, 0], [-13, -9], [-19, 13], [8, -9], [-3, -4], [8, -1], [-8, -6], [9, -2], [-19, -13], [-31, 1], [-15, 14], [6, 14], [16, -13], [5, 6], [5, -4], [6, 12], [-27, 12], [1, 13], [-10, -11], [5, 2], [1, -15], [-23, 3], [-19, -30], [-1, -7], [19, -20], [-48, 9], [-59, -4], [-28, 13], [4, 4], [-5, 9], [-28, 6], [-88, -39], [-125, -129], [3, 5], [-7, 3], [3, -9], [-26, -34], [8, 14], [-5, 7], [-3, -4], [3, -7], [-6, -3], [2, -8], [-15, -23], [-6, 4], [5, -5], [-49, -101], [-4, -29], [9, -27], [-8, -61], [-21, -32], [1, -29], [-28, 28], [-9, 20], [-43, 27], [-12, 16], [-48, 10], [-18, 16], [-29, 8], [-28, 24], [-30, 11], [-13, 17], [-14, 3], [-39, 29], [-30, 36], [-52, 16], [-5, 8], [3, 5], [-5, -4], [-34, 34], [-25, 14], [-7, -10], [5, 13], [-6, -6], [-22, 12], [-33, 1], [21, 14], [-23, -6], [-2, -10], [-54, -16], [-34, -23], [-70, -55], [-40, -56], [-18, 7], [-5, 9], [6, 5], [10, -11], [0, 9], [9, 3], [-29, 10], [-14, 41], [-31, 19], [-2, 19], [-20, 20], [-21, 2], [-20, -9], [-16, 10], [-20, -1], [-27, -31], [-24, -48], [-11, -45], [4, -34], [33, -13], [50, -49], [12, -3], [39, 14], [17, -10], [20, -39], [27, -21], [17, -34], [60, -27], [1, -13], [11, -5], [1, -7], [-9, -9], [-16, 0], [-17, -27], [-28, -8], [-14, 14], [-45, 16], [-15, -2], [-12, -13], [0, 20], [5, -8], [4, 7], [-4, 12], [-23, 5], [-7, -6], [-7, -30], [-24, -19], [-26, -7], [-6, -41], [4, -20], [-10, -17], [-47, -16], [-20, -40], [-18, 15], [-22, -2], [-16, 17], [-13, 42], [-2, 23], [9, 42], [20, 35], [0, 19], [13, -2], [4, 8], [1, 16], [-5, 4], [9, 14], [-1, 37], [-35, 65], [-33, 10], [-15, 35], [-20, 6], [-13, 17], [3, 8], [-6, 14], [1, 11], [21, 33], [6, 30], [-10, 68], [25, 33], [48, 6], [8, 14], [22, 13], [14, 33], [14, -9], [10, -20], [14, 7], [1, 24], [14, 15], [13, 29], [44, 36], [1, 13], [-8, 4], [-24, 49], [-22, 17], [-12, 20], [4, 29], [7, 15], [-4, 9], [27, -2], [10, 7], [0, 12], [12, 1], [26, -29], [17, -6], [4, -16], [42, -17], [6, -15], [71, 20], [-1, -22], [48, -22], [38, 26], [5, -5], [2, 12], [39, 51], [2, 43], [-22, 47], [9, 34], [-11, 24], [-8, 39], [17, 36], [37, 16], [8, 11], [13, -1], [22, 29], [1, 15], [5, -4], [-3, 3], [9, 35], [-4, 116], [7, 4], [-8, -2], [-1, 16], [8, 5], [7, 20], [7, 2], [-3, 8], [16, 28], [12, 89], [-18, 120], [-49, 122], [-4, 36], [26, 54], [-6, 23], [2, 22], [12, -13], [0, -8], [38, 1], [22, 16], [9, 33], [15, 5]], [[3828, 4717], [3, -7], [-6, -4], [3, 11]], [[3887, 4917], [7, -16], [-42, -75], [0, -30], [16, -23], [2, -15], [-34, -17], [-16, -16], [-21, -4], [-1, 10], [-9, 5], [6, 16], [-19, -7], [5, 8], [-7, 16], [6, 12], [5, 7], [13, -1], [22, 56], [67, 74]], [[3730, 4940], [-1, -10], [-4, 4], [5, 6]], [[3721, 4945], [3, -12], [-13, 1], [2, 9], [8, 2]], [[3749, 4948], [5, -6], [-6, -6], [-4, 9], [5, 3]], [[3957, 4949], [9, -6], [-7, -1], [5, -5], [-14, 3], [1, 9], [6, 0]], [[3737, 4952], [1, -12], [-11, 9], [10, 3]], [[3974, 4959], [5, -8], [-12, -1], [0, 6], [7, 3]], [[4006, 5119], [-12, -5], [6, -5], [-2, -26], [39, -18], [-15, -10], [7, -5], [-8, -40], [8, -10], [5, -25], [-13, -13]], [[4021, 4962], [-17, -11], [4, 26], [-5, -23], [-7, 12], [-6, -1], [0, 6], [-45, -19], [1, -15], [-42, -13], [-28, 9], [-26, 23], [-10, 0], [4, 4], [-3, 4], [-7, -6], [6, 7], [-15, 2], [-2, 21], [-3, -13], [-9, 8], [5, 7], [-7, -8], [-2, 8], [-17, 5], [-4, -8], [-1, 8], [-4, -1], [4, 7], [-9, -12], [3, 8], [-6, -5], [-1, 9], [-1, -11], [-4, 1], [3, 7], [-5, 0], [-1, -6], [-4, 4], [-12, -10], [-1, 8], [-2, -6], [-12, 10], [-17, -13], [-3, 23], [0, -19], [-4, -5], [1, 7], [-7, -1], [-6, -17], [-7, 0], [4, 12], [-6, -13], [-9, 11], [-4, -7]], [[3675, 4976], [-9, 27], [-20, 28], [11, 25], [-10, 17], [5, 6], [-1, 29], [15, 11], [1, 18], [10, 5], [4, 21], [15, 4], [1, 15], [-10, 12], [7, 16]], [[3694, 5210], [10, -5], [26, 22], [-2, 37], [-11, 12], [1, 21], [-12, 7], [-8, 36], [3, 15], [-13, 25], [-6, 5]], [[3682, 5385], [21, 3], [2, 7], [4, -3], [28, 19], [7, -9], [13, 4], [7, -9], [13, 13], [-1, -9], [9, 8], [5, -6], [6, 7], [12, -5], [1, 8], [1, -7], [11, 5], [13, -13], [10, 8]], [[3844, 5406], [0, -39], [18, -27], [11, -4], [22, 13], [5, -10], [0, -51], [-15, -10], [-18, 11], [-6, -44], [24, -12], [22, -22], [13, 9], [16, -1], [1, -15], [14, -16], [-4, -10], [9, -5], [20, 6], [4, -15], [14, 3], [16, -9], [5, -25], [-9, -14]], [[5751, 5964], [1, 0], [3, -13], [-11, -3], [-8, -18], [-10, -57], [-20, -41], [-8, -36], [-8, -7], [2, -36], [5, -12], [-13, -31], [-5, -2], [-4, -17], [12, -72], [34, -83], [-8, -9], [-4, 4], [4, -14], [5, -7], [-5, 13], [11, 8], [1, 13], [-2, -14], [12, -30], [27, -48], [13, -9], [-2, 7], [6, -10], [-4, 3], [1, -9]], [[5425, 5608], [-13, -4], [-14, 37], [3, 17]], [[5401, 5658], [38, 18], [9, 32], [19, -5], [2, 17], [16, 9], [2, 9], [26, 1], [5, 12], [11, -4], [7, 9], [11, -7], [11, 4], [19, 57], [0, 35], [-10, 37], [22, 17], [-10, 19], [3, 25], [-4, 19], [1, 37]], [[4542, 6109], [5, -9], [-4, -5], [3, -7], [-18, -2], [-16, -13], [-2, 11], [-12, 12], [3, 7], [4, -12], [6, 8], [11, -4], [-3, 8], [12, -10], [11, 16]], [[4286, 5702], [18, 27], [15, 6], [23, 26], [59, 92], [7, -4], [-6, 8], [19, 30], [26, 64], [8, 34], [-6, 13], [6, 31], [-8, 7], [-7, 21], [2, 37], [-19, 5], [3, 28], [17, 33], [-3, 20], [5, 12], [34, 25], [26, -3], [34, 18], [35, 30], [44, 17], [17, -2], [8, -13], [-4, -9], [7, -15], [-35, -11], [-5, -22], [4, -12], [6, 2], [-5, -8], [5, -2], [-7, -14], [-5, 3], [1, -7], [-27, 4], [-17, -13], [-9, -28], [-19, -16], [-21, 15], [6, 9], [-18, -8], [7, -6], [-7, -1], [-11, -27], [9, -4], [-3, -12], [-11, -1], [4, -10], [-4, -7], [9, -2], [9, 11], [9, -3], [-2, -7], [8, -1], [4, -10], [10, 6], [5, 20], [12, 3], [-2, -70]], [[4546, 6011], [-32, -3], [-21, -19], [-12, -73], [-17, -15], [9, -25], [-12, -23], [3, -21], [7, -11], [-6, -19], [-1, -31], [-5, -7], [8, -36], [-6, -8], [3, -17]], [[6038, 7636], [27, -45], [20, -54], [1, -7], [-17, -13], [8, 3], [-1, -7], [16, -7], [8, -12], [-16, -14], [2, -18], [39, -43], [2, -17], [-6, 0], [-1, -12], [12, -22], [-3, -12], [8, -12], [-3, -15], [7, -6], [-5, -9], [5, -3], [-11, -8], [6, -9], [-7, -11], [7, -1], [-6, -16], [5, -1], [-5, -2], [-8, -28], [26, 33], [0, -37], [10, -2], [5, -13], [-4, -11], [-9, 3], [-7, -25], [-18, -1], [7, -16], [24, 22], [3, -7], [-7, -24], [-9, 3], [0, -6], [-9, -2], [-2, 8], [-12, -19], [3, -6], [6, 3], [-3, -11], [-16, 2], [2, -6], [-6, -4], [6, -6], [26, 12], [-8, -18], [-26, -2], [13, -18], [-13, 3], [4, -9], [-4, -4], [26, 0], [-8, -3], [0, -12], [-7, 3], [-12, -6], [1, -5], [-8, 4], [1, -7], [17, -7], [-27, -14], [11, -14], [16, -5], [-13, -10], [-22, 14], [4, -18], [16, -5], [-19, -3], [12, -11], [-5, -5], [-13, 1], [0, 8], [-12, -12], [-8, 2], [2, 17], [-6, 8], [1, -16], [-5, -8], [11, -16], [-10, 3], [2, -7], [-7, -5], [10, -9], [-8, -6], [-11, 18], [4, 9], [-4, 4], [-15, -2], [3, -14]], [[6021, 6948], [-35, 10], [-11, -3], [1, -38], [-11, -13], [1, -29], [-7, -3], [-1, -13], [-40, 19], [-4, -14], [-10, -2], [-3, -13], [-9, -4], [-29, 19], [-7, 20], [9, 10], [-4, 10], [-48, -1], [-9, 15], [-43, 25], [-15, -2]], [[3414, 4689], [-3, 6], [6, -2], [-3, -4]], [[3444, 4763], [9, 1], [-12, -11], [3, 10]], [[3434, 4653], [11, 10], [5, 60], [-29, 33], [11, -1], [10, -12], [16, 5], [0, -10], [4, 4], [2, -9], [-1, 11], [16, 11], [-2, 8], [13, 3], [-3, 7], [5, -4], [1, 9], [8, -6], [-2, 4], [10, 8], [-4, 14], [7, 3], [-4, -8], [9, 8], [-7, -15], [10, -1], [11, 12], [-3, 13], [12, 5], [12, -12], [4, 4], [10, -6], [-1, -7], [19, 9], [7, -10], [2, 20], [9, -12], [0, 17], [5, 2], [9, -7], [0, -27], [6, -1], [0, 13], [9, -3], [0, 11], [6, -14], [7, 6], [5, -8], [-6, -14], [3, -9], [32, -18], [8, 6], [20, -25]], [[3706, 4730], [-2, -19], [-7, -4], [-18, 11], [-19, -7], [-12, 6], [-28, -3], [-12, -12], [-4, -15], [-24, 0], [-16, -20], [-8, 0], [-14, 19], [-22, -5], [-17, -16], [-10, 4], [-18, -27], [-11, -4]], [[3471, 4820], [6, -14], [-10, -9], [-5, 6], [9, 17]], [[3495, 4818], [2, -4], [-13, -8], [0, 13], [11, -1]], [[3581, 4815], [-6, -3], [6, 12], [0, -9]], [[3458, 4825], [-2, -13], [-5, 12], [7, 1]], [[1771, 1406], [7, -10], [-3, -13], [-16, 9], [12, 14]], [[1856, 1580], [5, -4], [-37, -44], [-13, -5], [-11, 16], [3, 19], [20, -3], [33, 21]], [[1923, 1790], [22, -1], [1, -8], [-7, -5], [5, -3], [-1, -18], [23, -23], [-18, -48], [-18, 0], [-5, 16], [-10, 10], [8, 19], [-9, 33], [9, 28]], [[2026, 1861], [3, -7], [10, 3], [1, -11], [-18, 4], [0, 15], [4, -4]], [[2008, 1867], [-1, -17], [-6, -4], [0, 17], [8, 9], [-1, -5]], [[2021, 1933], [11, -6], [-12, -2], [2, -9], [10, -6], [5, 11], [5, -8], [-9, -4], [5, -2], [-7, -4], [2, -6], [9, 9], [-4, -12], [30, -4], [-5, -14], [-7, -8], [2, 15], [-10, -1], [-3, -13], [-11, 22], [-11, -15], [1, 29], [-8, 3], [-7, 19], [12, 6]], [[2013, 1982], [12, -10], [-9, 0], [-3, 10]], [[2282, 2016], [5, -9], [-11, -10], [-7, -23], [-11, -7], [-9, 8], [1, 15], [10, 2], [22, 24]], [[2176, 2085], [1, -18], [9, -14], [-4, -17], [-14, -12], [-17, 2], [-16, -31], [-10, -4], [3, -8], [-18, -9], [-9, 4], [-5, -24], [-11, 3], [22, -19], [-24, -9], [-1, -19], [-20, 8], [10, -8], [3, -21], [-6, 14], [-8, -3], [-12, 9], [-5, 22], [-6, -6], [10, 18], [-10, -3], [5, 7], [-8, 1], [-2, -14], [-9, 12], [-13, -2], [-3, 9], [-6, -3], [-5, 8], [15, 8], [10, -9], [4, 10], [8, -9], [8, 3], [6, 11], [-14, -4], [-13, 15], [30, 10], [12, 18], [9, -6], [6, 9], [5, -8], [-2, 14], [17, -3], [5, 15], [4, -6], [5, 5], [2, -14], [8, 9], [-4, 4], [2, 15], [8, 11], [6, -8], [20, 14], [-11, -29], [11, 16], [-1, -12], [6, -4], [6, 8], [-3, 16], [7, -13], [1, 10], [-9, 19], [15, 12]], [[1952, 2216], [2, -7], [-10, 4], [8, 3]], [[2018, 2380], [7, -2], [-1, -14], [-11, 13], [5, 3]], [[2145, 2527], [7, -14], [-11, 6], [4, 8]], [[2192, 2619], [-2, -21], [-12, -12], [-5, 23], [19, 10]], [[2126, 2630], [1, -11], [-5, 6], [4, 5]], [[2228, 2716], [13, -5], [8, -24], [-18, 1], [-9, 18], [6, 10]], [[2127, 2731], [5, -9], [-7, 0], [2, 9]], [[2250, 2768], [7, -20], [-14, 11], [4, 15], [3, -6]], [[2436, 2986], [56, -39], [-3, -29], [-26, -36], [-43, -2], [-8, 18], [-4, -3], [0, 14], [-7, 12], [-4, 33], [16, 2], [12, 18], [0, 10], [11, 2]], [[2323, 3000], [28, -10], [10, -16], [-18, -7], [-6, 9], [1, 10], [-8, -3], [-7, 17]], [[2553, 3120], [0, -11], [-8, 1], [6, 18], [2, -8]], [[2374, 3146], [5, -5], [-2, -6], [-17, 0], [14, 11]], [[2415, 3151], [3, -7], [-15, 3], [12, 4]], [[2616, 3161], [8, -22], [-4, -11], [3, -32], [-8, -15], [1, -24], [-8, -13], [1, -9], [-11, -9], [-13, -31], [7, -38], [-6, -3], [0, -9], [-13, 0], [-17, -14], [-7, 58], [8, -1], [17, 33], [8, 26], [-4, 36], [13, 26], [5, 0], [3, 28], [17, 24]], [[2256, 3167], [8, -11], [-9, -7], [-8, 3], [-2, 10], [11, 5]], [[2098, 3329], [1, -8], [-6, -2], [5, 10]], [[2607, 3413], [2, -7], [-5, -1], [3, 8]], [[2441, 3467], [5, 3], [-1, -8], [-4, 5]], [[2208, 3602], [4, -1], [-1, -9], [-10, -24], [-10, -3], [2, -9], [-6, -8], [4, -6], [-8, -16], [-2, 7], [-7, -7], [-7, 6], [-2, 11], [8, 2], [5, 25], [25, 11], [2, 24], [3, -3]], [[2224, 3617], [2, -7], [-7, -13], [-4, 12], [9, 8]], [[2229, 3647], [18, -18], [-2, 12], [11, 0], [-5, -2], [1, -20], [-7, 1], [-11, -11], [1, 9], [-6, 1], [2, 7], [-5, -3], [-2, 10], [8, 4], [-7, -2], [0, 7], [-3, -16], [-4, 3], [-1, 9], [12, 9]], [[2511, 3748], [-8, -20], [24, -21], [7, -28], [17, -7], [12, -17], [-5, -27], [3, -18], [33, -12], [-3, -12], [13, -4], [3, -32], [9, -19], [8, 11], [11, -13], [24, -3], [4, -48], [-11, -14], [-1, -14]], [[2651, 3450], [-19, 8], [-3, -9], [-15, -4], [-11, -41], [-13, 0], [42, -12], [0, -9], [-11, -15], [18, -3], [-21, -23], [-16, 0], [-9, -22], [3, -5], [-7, -1], [2, -7], [-6, -6], [-28, -20], [-42, -16], [-27, -31], [6, 31], [-8, 5], [29, 28], [7, 23], [-4, 14], [12, 18], [4, 40], [-15, 41], [-19, 18], [2, 40], [-22, -1], [-14, 20], [11, 15], [17, 4], [12, -13], [2, -17], [-5, -4], [16, 1], [10, 12], [12, 34], [-9, 20], [-18, 4], [0, 7], [-1, -8], [-7, 10], [-17, 2], [-5, -6], [-2, 5], [0, -8], [-8, -1], [1, -25], [-19, -29], [0, -22], [-5, 0], [-10, -25]], [[2441, 3467], [6, -15], [-6, 0], [4, -25], [10, -10], [-5, -2], [9, -31], [17, -19], [14, -4], [-5, -11], [2, -11], [-9, -4], [6, -4], [-2, -6], [-15, -5], [-2, -10], [-10, 10], [-9, -7], [-8, 7], [0, 18], [-14, 16], [-35, -1], [-21, 11], [-3, -13], [-13, 6], [-7, -5], [4, 10], [-4, 2], [5, 4], [-10, 0], [-1, 6], [9, 7], [-17, 6], [12, 11], [-25, 30], [-8, -1], [0, 6], [9, -4], [8, 13], [9, -15], [12, -5], [20, 22], [5, -3], [3, 4], [-6, 2], [10, 26], [3, 41], [-3, 27], [-8, 4], [-3, 17], [-10, 4], [1, 9], [-3, -3], [-13, 16], [-7, -4], [-8, 21], [19, 56], [-8, 34], [-9, 3], [10, 36], [-4, 8], [-6, -4], [1, 9], [-6, -3]], [[2326, 3744], [7, 15]], [[2333, 3759], [0, -7], [15, 10], [14, 0], [12, -12], [7, 11], [4, -6], [7, 19]], [[2392, 3774], [14, -17], [17, -4], [10, 12], [28, 8], [9, 15], [7, -14], [34, -26]], [[2326, 3794], [-6, 7], [3, 2], [3, -9]], [[2328, 3801], [-2, 6], [2, 2], [0, -8]], [[2334, 3808], [0, -1], [0, 1]], [[2334, 3808], [4, -5]], [[2338, 3803], [5, 3]], [[2343, 3806], [-3, -25]], [[2340, 3781], [-6, 4], [6, 9], [-10, 14], [2, 10]], [[2332, 3818], [2, -3]], [[2334, 3815], [0, -1]], [[2334, 3814], [0, -6]], [[2350, 3818], [-2, 2], [0, 1]], [[2348, 3821], [0, 6]], [[2348, 3827], [6, 12], [7, -7]], [[2361, 3832], [0, -9], [-7, -2], [-1, -1], [-3, -2]], [[5397, 5317], [1, -9], [-8, 5], [7, 4]], [[5420, 5335], [4, -3], [-13, -5], [0, -7], [-8, -5], [-4, 6], [21, 14]], [[5427, 5343], [-4, -7], [-5, 10], [9, -3]], [[5209, 5163], [-25, 4], [-2, 14], [-12, 10], [-4, 29], [14, 31], [-5, 30], [-27, 4]], [[5148, 5285], [6, 22], [57, 40], [5, 14], [0, 50]], [[5216, 5411], [18, -13], [10, 0], [9, -19], [15, 4], [35, -14], [22, -37], [5, 1], [3, 39], [-13, 12], [4, 5], [8, -10], [12, 18], [44, -25], [13, -24], [8, 3]], [[5409, 5351], [3, 0], [1, 0], [7, -2], [-4, -5], [3, -7], [-5, 4], [-4, -9], [-2, 7], [1, -8], [-6, 3], [-8, -12], [-2, 13], [0, -15], [-4, -3], [-1, 10], [-7, -6], [3, -6], [-8, 1], [9, -10], [5, 2], [-2, -7], [8, 3], [-7, -18], [-13, 4], [5, -3], [-6, -1], [1, -8], [8, 2], [1, -21], [-11, -6], [12, -2], [-9, -14], [9, -6], [4, 8], [6, -16], [18, -4], [-10, -5], [3, -16], [-22, -12], [6, -22], [-22, 1], [1, 10], [6, 0], [-10, 15], [9, 9], [-8, 3], [-11, 22], [1, 12], [-41, 12], [-36, -2], [-49, -24], [-12, -18], [0, -34], [6, -5], [-12, 4], [-4, -6]], [[3097, 4050], [7, -14], [-10, -7], [3, 7], [-5, 7], [5, 7]], [[3077, 4078], [3, -5], [-6, 0], [3, 5]], [[3455, 4577], [6, -11], [22, -10], [30, 4], [10, -18], [13, -7], [10, 4], [7, 16], [6, 3], [4, -9], [12, 3], [8, -25], [2, -39], [32, -1], [4, -16], [-8, -11], [2, -9], [12, -24], [35, -4]], [[3662, 4423], [-31, -71], [-10, -71], [-12, 24], [-11, 0], [-2, 15], [-20, 20], [-3, 20], [-23, 14], [-8, 21], [-53, 12], [-7, 11], [-19, 3], [-40, -20], [0, 35], [1, -16], [-4, 6], [2, -10], [-4, -5], [8, -13], [-27, -15], [-8, 6], [5, -8], [-8, -6], [-18, 0], [2, -6], [-17, -7], [16, -1], [4, 11], [6, -5], [4, 6], [5, -5], [-1, -6], [-17, -9], [-19, 1], [-9, -21], [2, 11], [-8, -2], [-3, 15], [2, -8], [-12, -10], [1, -12], [-10, -7], [9, -8], [-7, -6], [9, -18], [-6, -4], [3, -11], [-6, -5], [1, -9], [-10, -5], [5, -14], [-13, 4], [-14, -31], [-12, -11], [-2, -23], [-22, 4], [-10, -23], [1, -19], [-9, 4], [1, -8], [8, -1], [3, -23], [-6, -9], [-13, -1], [0, -22], [16, -12], [6, -30], [-18, 3], [2, 10], [-6, 4], [4, 7], [-6, -5], [-2, 10], [-19, 2], [-4, -11], [-2, 11], [-20, -20], [-9, 7], [-5, -4], [-15, 21], [-26, -18], [5, 13], [-6, 4], [10, 2], [-4, 9], [9, 10], [-5, 6], [13, 15], [8, -5], [-6, 9], [6, 0], [-4, 13], [5, 4], [-20, -4]], [[2338, 3803], [0, 13], [5, -10]], [[2350, 3818], [-2, 3], [0, -1], [2, -2]], [[2340, 3781], [3, -6], [-10, -11], [0, -1], [0, -1], [0, -2], [0, -1]], [[2326, 3744], [-2, 4], [-3, 4], [-4, 4], [-6, 5], [0, 19], [-4, 3], [0, 1], [0, 1], [0, 1], [2, 4], [0, 1], [1, 1], [1, 1], [0, 2], [1, 1], [-2, 6], [7, -1], [3, 0]], [[2320, 3801], [6, -7], [-3, 9]], [[2323, 3803], [2, 2], [1, 2]], [[2326, 3807], [2, -6], [0, 8]], [[2328, 3809], [0, 1], [-1, 6], [9, 12], [-4, -10]], [[2348, 3827], [-3, -10], [-1, 17], [13, 11], [4, -13]], [[2392, 3866], [4, -4], [-8, -13], [-16, -5], [10, 4], [0, 11], [10, 7]], [[2379, 3873], [6, -9], [-9, -4], [4, 4], [-8, 5], [7, 4]], [[2412, 3879], [4, 1], [-6, -7], [-2, 15], [4, -9]], [[2312, 3960], [28, -8], [1, -39], [27, 16], [10, 14], [21, 3], [4, -14], [7, 14], [14, 3], [-17, -44], [5, -2], [-6, -3], [0, -14], [-8, -6], [-9, -1], [-1, 19], [-13, -12], [-15, 7], [-9, -12], [3, 14], [-11, 8], [-5, -20], [9, -1], [-3, -23], [-13, -12], [2, 12], [-6, -1], [-6, -16], [8, -2], [-24, -19], [2, -12], [-5, 6], [-3, -8], [4, -3], [-13, -9], [-4, 7], [-4, -10], [9, -17], [-7, 9], [-1, -12], [-3, 23], [-8, -1], [7, 19], [-7, 1], [3, 6], [-10, -4], [15, 26], [4, 1], [2, -13], [-1, 11], [7, 3], [3, -12], [6, 17], [-26, -5], [-7, 12], [0, 14], [23, 61], [-12, 18], [6, 4], [5, -12], [6, 2], [16, 17]], [[2428, 3976], [4, -8], [-7, -15], [-1, 16], [4, 7]], [[2435, 3986], [5, -7], [-7, -9], [-5, 13], [7, 3]], [[2418, 3994], [5, -6], [-5, -5], [5, -7], [-5, -8], [3, -8], [-10, -5], [-6, 5], [5, 11], [-8, 5], [16, 18]], [[2704, 4088], [-20, -3], [-10, -20], [0, -18], [-16, -13], [-3, -18], [-10, 0], [-6, -11], [-4, -28], [-8, -7], [-11, 4], [-11, -18], [-4, -27], [4, -23], [14, -15], [3, -23], [12, -14], [-10, -21], [-9, 0], [-3, -12], [18, -27], [3, -18], [-32, 5], [-18, -27], [-14, 7], [-16, -14], [-42, 1]], [[2392, 3774], [5, 27], [8, 3], [0, 8], [10, -3], [-2, 17], [19, 14], [-7, 14], [14, 14], [-7, 3], [27, 34], [-2, 19], [-6, 0], [-1, 10], [13, 4], [-15, 11], [16, 19], [8, -4], [-7, 5], [6, 10], [5, -4], [3, 7], [7, -9], [-12, 17], [12, -2], [2, 9], [-65, -12], [1, 12], [44, 37], [0, 30], [6, 0], [-2, 7], [4, -5], [-14, 22], [-2, 14], [-2, -8], [-13, 4], [-2, 15], [-24, 13], [-5, 35], [-9, 10]], [[2548, 4216], [0, -6], [14, -3], [10, -16], [23, -14], [11, 30], [-14, 24], [2, 15], [17, 11], [23, -6], [17, -21], [3, -23], [14, -16], [4, -20], [11, -16], [-5, -6], [3, -35], [23, -26]], [[4134, 5263], [22, -37], [3, -2], [-5, -24], [7, -41], [-5, -34], [-6, -5], [19, -52], [-4, -21], [12, -9], [12, 8], [2, -17], [16, -4], [10, -11], [-4, -5], [3, -8]], [[4216, 5001], [7, -24]], [[4223, 4977], [-6, -15], [-13, 3], [-4, 12], [-16, 0], [1, 7], [-12, -22], [-38, 7], [-5, 2], [-9, 24]], [[4121, 4995], [5, 12], [-17, 22], [-5, 21], [-20, 22], [0, 12], [-12, 1], [-5, -14], [7, -8], [-13, -5], [-16, 12], [-1, 23], [-29, 9], [-6, 3], [-3, 14]], [[3844, 5406], [20, -5], [17, 21], [13, -1], [11, 8], [8, 14], [45, 19], [27, -40], [-2, -15], [-5, 7], [-11, -12], [-3, -14], [-18, -25], [2, -12], [20, 27], [-2, -13], [8, -5], [-10, 0], [0, -11], [28, -10], [-4, -30], [9, 12], [0, 8], [16, -6], [-1, 17], [-4, -7], [-12, 1], [0, 22], [27, 7], [2, 11], [9, 6], [-4, -12], [8, -10]], [[4500, 4867], [-7, -12], [-4, 4], [11, 8]], [[4497, 4883], [1, -8], [-18, -5], [17, 13]], [[4422, 5095], [4, -2], [-4, -7], [-5, 2], [0, 7], [5, 0]], [[4445, 5113], [-28, -17], [-6, -20], [8, -2], [-6, -7], [3, -13], [-38, -77], [-4, 2], [4, -4], [-2, -23], [11, -6], [-7, -6], [4, 1], [0, -11], [-5, 4], [5, -9], [-9, -6], [14, 0], [-3, -9], [3, 7], [4, -5], [-1, 5], [17, -5], [10, -17], [19, -8], [-4, -4], [6, 3], [-10, -15], [15, 11], [0, -14], [3, 4], [3, -8], [-1, 13], [18, -7], [3, -11], [6, 11], [4, -16], [9, 1], [-4, -10], [6, -2], [-2, -9], [6, 11], [9, -5], [-4, -32], [-10, 7], [-7, -12], [-14, 1], [3, -6], [13, 5], [0, -10], [14, 11], [-10, -14], [8, -27], [-10, -2], [-7, -13], [-27, 6], [-5, 5], [32, -2], [2, 6], [-7, -4], [-4, 8], [14, 1], [-12, 6], [7, 6], [-14, -3], [0, 9], [-4, -9], [6, -5], [-5, -4], [-8, 3], [0, 9], [-6, -6], [4, -4], [-15, 5], [-10, -9], [-3, 6], [3, -3], [3, 15], [10, 5], [-11, 7], [-4, -12], [1, 10], [-7, 0], [4, -9], [-12, -6], [13, 2], [-6, -13], [-18, -15], [-6, 0], [-5, 15], [-7, -3], [3, -7], [-4, -8], [-1, 13], [-6, -10], [2, 7], [-8, 3], [5, -18], [-8, 9], [3, -7], [-6, -2], [7, -5], [-8, -4], [-6, 5], [1, 12], [-9, -4], [5, -3], [0, -10], [-18, -8], [-3, 7], [-8, -14], [-5, 3], [1, 8], [-5, -3], [-1, -11], [-18, -9], [0, -11], [5, -5], [-3, -4], [10, -2], [-5, -14], [-3, 5], [-7, -7], [1, 10], [-7, -4], [6, 16], [-13, -13], [3, -6], [-12, -5], [3, -6], [14, -1], [-3, -11], [12, -7], [-12, -3], [10, -3], [-6, -6], [5, -12], [-10, -1], [-2, 6], [6, 1], [-13, 7], [1, -8], [-8, -3], [4, -6], [6, 6], [3, -13], [-6, -8], [-10, 5], [6, -10], [-6, -3], [-10, 8], [-1, -15], [-15, -6], [-18, -37], [-8, -35], [-8, 1], [5, -5]], [[4211, 4504], [-21, 5], [-28, 39], [1, 38]], [[4163, 4586], [3, 9], [10, 2], [-2, 10], [7, 12], [20, 8], [13, 22], [27, -5], [-2, 26], [5, 40], [-5, 13], [1, 3], [10, 24], [-11, 22], [11, 8], [-19, 36], [8, 18], [36, 7], [6, 18], [-4, 19], [-11, -5], [-8, 19], [-13, -5], [-21, 18], [12, 42], [-13, 30]], [[4216, 5001], [22, 10], [-1, 10], [12, 12], [-11, 6], [6, 13], [44, -20], [38, 22], [3, 18], [13, 21], [1, 27], [7, 10], [-1, 29], [6, 10], [-12, 14], [-1, 16]], [[5968, 6627], [11, -16], [-14, 10], [3, 6]], [[5953, 6639], [3, -6], [-8, -4], [5, 10]], [[6000, 6642], [7, -5], [-4, -16], [-9, 16], [6, 5]], [[5849, 6652], [3, -4], [-7, 4], [4, 0]], [[5859, 6655], [-2, -8], [-3, 5], [5, 3]], [[5986, 6711], [4, -3], [-3, -9], [-5, 10], [4, 2]], [[6020, 6905], [-2, -12], [5, -6], [-4, -4], [-8, 20], [9, 2]], [[6021, 6948], [5, -13], [-4, -6], [6, -5], [7, -28], [-6, 2], [-6, 18], [-11, -10], [-9, 12], [6, -9], [-4, -18], [7, -9], [-27, -19], [-2, -10], [10, -15], [6, 2], [0, -22], [-12, 12], [-4, -13], [-8, 0], [1, -8], [-15, 0], [-1, -13], [28, -4], [-2, -13], [-19, -12], [-3, -18], [7, 11], [6, -16], [12, 10], [-1, -10], [7, -3], [-5, -18], [-7, 2], [-1, 10], [-13, 3], [9, -19], [-7, -7], [12, -7], [-7, -6], [-14, 4], [8, -11], [-1, -13], [9, 10], [5, -10], [8, 3], [-3, -8], [-6, 4], [-10, -7], [11, -2], [6, -14], [-2, -7], [5, -7], [-5, -16], [-18, 20], [-1, -7], [-6, 5], [8, 7], [-4, 10], [-14, -3], [13, 13], [-9, 0], [0, 12], [-21, -5], [2, 13], [12, -1], [4, 10], [-11, 1], [-7, -13], [-38, 4], [7, -4], [-30, -16], [-7, 13], [6, -13], [-6, -13], [4, 3], [4, -16], [-10, 7], [-3, -6], [-2, 8], [7, 8], [-7, 2], [0, 8], [-8, 4], [-1, -9], [-5, 7], [-9, -6], [2, -8], [-10, -5], [4, -7], [-8, -3], [7, -1], [-3, -5], [13, 6], [4, -11], [-16, -11], [-13, 0], [10, -3], [-22, -42], [2, 8], [-3, -7], [-11, 9], [11, -10], [-5, -9], [8, 7], [-10, -25], [-5, -38], [-8, -1], [8, -1], [3, -65]], [[5587, 6484], [-1, 37], [28, 0], [18, 15], [1, 14], [18, 30], [-1, 42], [17, 24], [-1, 16], [16, 17], [2, 17], [3, 3], [9, 8], [-17, 22], [-4, 17], [6, 22], [-10, 25], [19, 0], [7, 21], [-4, 18], [11, 20], [-13, 8], [-3, 20], [-18, 19], [4, 6]], [[2730, 3488], [2, -13], [-5, 9], [3, 4]], [[2861, 4015], [6, -2], [-8, -5], [2, 7]], [[2704, 4088], [14, -11], [33, 14], [14, -18], [0, -15], [15, -6], [8, 9], [37, 0], [10, 26], [13, 3], [27, -7], [-4, -37], [9, 0]], [[2880, 4046], [-6, -3], [2, -7], [-5, 2], [2, -12], [-10, 5], [-11, -21], [-4, 6], [-5, -8], [4, -7], [-4, -14], [-6, -9], [-11, 1], [-6, 14], [5, -14], [-17, -11], [15, 4], [-6, -31], [6, -3], [4, 6], [-1, -8], [6, -4], [-10, -11], [-13, 5], [-4, -20], [10, 4], [1, -8], [-8, -1], [12, -2], [-15, -7], [-5, 5], [4, -6], [-6, -23], [3, -7], [-7, 0], [-9, -25], [-24, -112], [1, 11], [-4, -11], [-18, 6], [20, -7], [-19, -97], [0, -10], [14, -14], [-7, -11], [2, -11], [-6, -18], [4, -6], [-6, -3], [7, -16], [-19, -25], [-5, 4], [6, -10], [-11, -15], [-1, 5], [4, -8], [-5, -15], [5, -11], [-9, -6], [3, -20], [-13, -15], [6, -14], [-8, -1], [-5, 12], [-18, -4], [-6, 12], [3, 9], [-11, 8], [8, 4], [-22, 3]], [[5083, 5560], [-1, -9], [8, -20], [-3, -10]], [[5087, 5521], [-7, 0], [-11, -18], [-20, 2], [-5, 20], [-43, -7], [-5, 21], [-23, 11], [-29, -52], [-15, 10], [-16, -38], [14, -17], [-16, -21], [12, -34]], [[4923, 5398], [-10, -32], [-6, 3], [-9, -13], [6, -5], [-7, -11], [7, -25], [-12, -5], [0, -13], [8, -13], [-2, -14], [-17, -15], [-10, 3], [-13, -20], [-39, -20], [-8, -19], [-17, -2]], [[4719, 5745], [15, 16], [7, 16], [0, 14], [16, 13], [-5, 9], [1, 15], [20, 13], [3, 80]], [[4776, 5921], [22, 20], [13, 25], [-1, 24], [47, -6], [6, -11], [-9, -24], [15, -13], [16, 20], [20, 0], [16, 13], [14, -1], [9, -11], [4, 31], [20, 10], [12, 30], [41, 15], [14, -4], [7, -18], [0, -29], [17, -21], [16, -9], [1, -22], [-8, -16], [8, -14]], [[1758, 3728], [6, -1], [-2, -8], [-8, 1], [4, 8]], [[2205, 3967], [3, -5], [-5, -4], [2, 9]], [[1838, 4015], [-6, -16], [-2, 10], [4, 9], [4, -3]], [[1951, 4071], [5, -18], [-14, -3], [8, 5], [1, 16]], [[1892, 4074], [-2, -11], [8, -7], [-7, -4], [9, 4], [-3, -9], [10, 3], [-4, -3], [-1, -13], [18, -27], [-1, -6], [-24, -3], [-3, 9], [-13, -5], [-2, -11], [10, -14], [-7, -8], [-12, 16], [-22, 0], [-4, -8], [-18, 10], [5, 16], [0, -11], [4, 2], [6, -11], [7, 12], [-10, 0], [6, 5], [-3, 7], [7, -4], [-5, 5], [6, -3], [-2, 8], [4, 2], [-9, 4], [0, 9], [5, 1], [-6, 10], [2, 25], [10, 1], [7, -19], [11, 9], [-4, -5], [5, 2], [-1, -6], [5, 15], [7, -17], [-1, 8], [8, 3], [-10, 2], [14, 17]], [[1910, 4095], [15, -21], [-10, -16], [-15, 8], [1, 27], [8, -2], [5, -19], [-4, 23]], [[1939, 4109], [2, -20], [-6, -1], [3, -6], [-4, -8], [-1, 13], [-7, -3], [5, 4], [-4, 6], [-15, 9], [12, 6], [7, -16], [-2, 15], [6, -11], [-1, 16], [5, -4]], [[1933, 4133], [6, -7], [-6, 0], [0, 7]], [[1951, 4136], [13, -16], [-2, -25], [-4, 12], [-12, -5], [1, 6], [-5, 1], [0, 14], [13, -13], [-1, 12], [-7, 1], [4, 13]], [[2147, 4143], [7, -4], [-2, -10], [-6, 4], [1, 10]], [[1951, 4151], [-3, -9], [-2, 7], [5, 2]], [[2015, 4177], [2, -5], [-7, 1], [5, 4]], [[2067, 4177], [3, -8], [-5, -2], [2, 10]], [[2033, 4179], [5, -2], [-2, -9], [-7, -5], [2, 5], [-6, 0], [8, 11]], [[2137, 4182], [7, -4], [-11, -10], [4, 14]], [[2151, 4197], [8, -1], [-4, -13], [-13, -3], [9, 17]], [[2130, 4237], [-4, -8], [-10, 4], [14, 4]], [[1990, 4244], [-3, -19], [6, -7], [-3, -21], [-7, -11], [-1, -26], [25, 12], [5, -3], [1, -11], [-15, -20], [-6, 1], [-6, 11], [3, -17], [-8, 0], [4, -5], [-5, -9], [6, -16], [-11, 1], [-2, -22], [-6, 3], [-1, 28], [4, -2], [-5, 5], [7, 0], [-6, 9], [9, -2], [-13, 7], [3, 12], [-5, -6], [-2, 8], [-7, -2], [6, 15], [6, -7], [6, 7], [2, -8], [3, 10], [-6, 2], [-1, 20], [8, 8], [1, -12], [5, 2], [-4, 15], [11, 15], [-4, 16], [6, 19]], [[2145, 4257], [-4, -14], [-2, 12], [6, 2]], [[1993, 4268], [7, -11], [-4, -15], [-3, 26]], [[1972, 4269], [13, -1], [-6, -3], [5, -8], [-15, -4], [-6, 6], [9, 10]], [[1975, 4291], [1, -9], [-5, 6], [4, 3]], [[1996, 4309], [8, -15], [-8, -10], [-19, 5], [2, 8], [17, 12]], [[2341, 4147], [-1, -12], [-15, -15], [9, -17], [-10, 17], [-11, -10], [15, -15], [42, 17], [15, -11], [14, -36], [-2, -18], [-10, -15], [4, -6], [-3, -10], [-14, -10], [-15, 0], [-9, -19], [-14, 0], [3, -5], [-9, -5], [0, 14], [-13, 10], [-1, 22], [14, 2], [11, 16], [1, 12], [-7, 5], [3, 8], [-4, 6], [-31, 0], [-18, -14], [5, -3], [-17, -2], [-13, 7], [2, -12], [-11, -16], [-4, 2], [-5, -23], [-18, -10], [-1, -10], [-18, -22], [-5, 5], [-9, -6], [26, 39], [0, 14], [-5, -3], [-4, 8], [12, 6], [-2, -7], [4, -1], [12, 24], [-8, -11], [-9, 0], [3, 12], [-8, 0], [4, 5], [-7, 4], [2, 6], [-11, 11], [3, 9], [-9, 2], [-3, -9], [-7, 13], [-5, -1], [-13, 37], [3, 7], [-12, 0], [-2, 25], [8, 14], [0, -8], [3, 3], [-4, 18], [10, 12], [-6, 3], [6, 4], [-6, 0], [5, 10], [18, -11], [-1, -13], [6, 6], [5, -5], [-9, -15], [1, -13], [3, 7], [6, -3], [-5, 2], [5, 9], [18, -18], [-4, -8], [3, -9], [-4, -16], [-2, 19], [-5, -5], [0, -17], [7, 2], [2, -7], [-8, -13], [10, -1], [10, -16], [0, 13], [6, -7], [4, 18], [4, -6], [1, 5], [18, -8], [9, -12], [9, 4], [-14, 13], [4, 8], [-9, 1], [-6, 14], [-1, 21], [8, 9], [-7, 18], [-22, 19], [-13, -14], [0, 8], [5, 3], [-13, 3], [0, 11], [-10, -6], [1, 10], [-3, -8], [7, -9], [-6, -6], [-7, 6], [2, 7], [-6, 11], [8, -1], [-3, 12], [5, -5], [0, 6], [4, 0], [-5, 4], [9, 3], [-11, 1], [-6, -9], [-1, 15], [-6, 3], [-3, -18], [4, -4], [-12, 1], [-3, -8], [-3, 14], [13, 5], [-6, 10], [-14, 2], [7, 11], [-5, 19], [-5, -21], [-2, 13], [-8, -6], [6, 10], [-6, -7], [-13, 4], [0, 7], [4, -1], [-2, 11], [5, 12], [4, -3], [-1, 10], [13, 7], [-15, -4], [-6, 11], [5, 4], [-2, 21], [24, -6], [9, 16], [4, -6], [-5, -10], [3, -5], [4, 4], [8, -7], [11, 9], [7, -6], [4, 9], [3, -17]], [[2209, 4325], [-10, -20], [18, -27], [0, -25], [23, -12], [16, 2], [6, -17], [-11, -18], [44, -48], [46, -13]], [[2132, 4358], [0, -18], [5, -6], [-8, -4], [0, -8], [-10, 0], [6, -10], [-15, -12], [5, -11], [-12, -21], [-23, -20], [-14, 4], [2, 13], [3, -10], [11, -3], [2, 8], [-7, 4], [-1, 8], [6, 8], [8, -7], [-1, 6], [4, -1], [-10, 16], [14, 10], [-3, 26], [20, 3], [4, 12], [4, -12], [0, 11], [9, 1], [-12, 4], [1, 5], [12, 4]], [[2211, 4359], [10, -2], [1, -10], [8, -4], [-16, -13], [-3, 29]], [[2094, 4373], [0, -36], [-6, -6], [-7, 5], [13, 37]], [[2129, 4374], [-13, -8], [8, 13], [5, -5]], [[2198, 4385], [11, -17], [-10, 1], [-2, -8], [-8, -4], [-4, 6], [8, 5], [5, 17]], [[2133, 4405], [-1, -9], [9, 3], [-2, -7], [-26, -5], [20, 18]], [[2182, 4569], [19, -7], [-1, -17], [-7, -1], [18, -9], [-13, -6], [12, -6], [-2, -10], [-18, -1], [-6, -16], [-12, 11], [-2, 14], [-6, -10], [-3, 15], [13, -4], [-9, 9], [-2, 9], [5, 0], [-5, 3], [12, 0], [-5, 15], [12, 11]], [[2081, 4784], [6, -3], [-6, -3], [0, 6]], [[2098, 4963], [11, -6], [-3, -9], [7, 4], [-4, -8], [5, 1], [-10, -7], [8, -4], [-7, -8], [3, -5], [-6, -2], [-4, 8], [3, -8], [-7, 3], [14, -11], [-2, -19], [-33, -47], [5, -13], [-6, 3], [4, -10], [-9, -11], [15, 12], [-2, -14], [-6, 2], [6, -13], [-8, -6], [7, -3], [7, 11], [2, -6], [-9, -10], [-7, 4], [4, -12], [-7, -6], [11, -1], [-24, -17], [3, -16], [-10, -3], [1, -13], [-4, -2], [4, 0], [-1, -12], [-7, -8], [2, -7], [-8, -2], [2, -4], [-7, -7], [-3, 5], [-5, -13], [0, 13], [-4, -5], [-6, 8], [-6, -8], [12, 107], [8, -4], [-2, -14], [11, 9], [0, -9], [8, 6], [3, -12], [-8, 22], [14, -9], [-2, -14], [4, 11], [12, -7], [1, 10], [-4, -4], [-2, 7], [-5, -4], [-2, 9], [-8, -1], [12, 6], [1, -10], [7, 2], [-3, 9], [5, 0], [-7, 6], [4, 12], [-8, -4], [-5, -15], [-4, 13], [5, 11], [-6, -6], [-3, 6], [3, -7], [-5, -4], [7, -4], [-4, -8], [-5, 9], [-6, -4], [-8, 6], [5, 3], [2, -6], [9, 9], [-2, 18], [4, 1], [-4, 10], [5, 4], [1, -5], [7, 9], [-10, -3], [-2, 10], [14, 32], [8, -2], [-12, 16], [-7, -2], [11, 38], [24, -2], [-3, 3], [8, 15], [8, -2], [-6, 8], [11, 7]], [[4163, 4586], [-17, 2], [-16, -9], [-21, 8], [-19, -14], [-10, 15], [12, 36], [-14, 14], [0, 15], [-18, 14], [2, 10], [25, 29], [6, 25], [9, 5], [13, -7], [6, 12], [-3, 13], [-15, 10], [-3, 33], [-7, 14]], [[4093, 4811], [10, 7], [-2, 10], [6, 12], [-3, 37], [-7, 10], [9, 17], [-10, 11], [9, 46], [8, 8], [2, 27], [6, -1]], [[5014, 6651], [6, -4], [-6, -35], [-23, -75], [15, -12], [27, 12], [3, -12], [-23, -66], [-45, -42], [-18, -1], [-17, -11], [-12, 3], [-3, 9], [21, 10], [6, 16], [-2, 16], [18, 18], [4, 17], [-4, -8], [-18, 13], [-10, -20], [-6, 5], [-4, 19], [6, 7], [0, 25], [27, 53], [13, 8], [11, 18], [12, 4], [7, 28], [15, 5]], [[5256, 6725], [-1, -14], [-12, -11], [13, 25]], [[4776, 5921], [-16, 58], [0, 22], [-14, 5], [-11, 15]], [[4735, 6021], [88, 38], [44, 31], [15, 21], [18, -6], [24, 5], [68, 72], [34, 20], [24, 54], [31, 34], [11, 22], [15, 64], [16, 35], [73, 63], [17, 5], [2, -6], [27, 20], [9, -11], [-4, 14], [16, 11], [5, -8], [-5, 8], [30, 34], [27, 67], [-5, 3], [5, 70], [30, 70]], [[5350, 6751], [54, -24], [4, -6], [-5, -46], [12, -12], [30, -9], [19, -23], [-13, -29], [-23, -16], [-25, 4], [-9, -15], [3, -25], [-6, -15], [6, -14], [-11, -10], [-10, -59], [11, -22], [18, -3], [7, -15]], [[2944, 4157], [-1, -11], [-4, 5], [5, 6]], [[2898, 4176], [-2, -9], [5, -1], [-10, -6], [7, 16]], [[2657, 4450], [20, 3], [6, -16], [32, 0], [-2, -16], [5, 17], [17, -5], [-6, -8], [9, 5], [-4, 14], [14, 10], [12, 19], [-2, 8], [10, 0], [-2, 5], [12, 2], [1, -7], [7, 9], [13, -10], [3, 5], [19, -19], [16, -46], [-5, -20], [4, -15], [-12, -27], [-27, 9], [5, -6], [-11, -3], [12, -1], [2, -15], [-15, -2], [-4, -11], [-11, 2], [-4, 8], [-12, -3], [-2, -14], [6, -30], [24, -10], [23, 13], [9, -16], [-7, 17], [8, -11], [-2, 13], [22, -19], [39, 4], [-2, 6], [11, 4], [-10, -16], [-1, -16], [-11, -9], [-2, -14], [-11, -11], [16, -6], [18, 10], [5, -6], [-20, -16], [3, -6], [15, 3], [6, -7], [4, 14], [1, -13], [9, -4], [10, 16], [-2, -8], [7, -8], [-29, -4], [-6, -26], [-6, -2], [12, -9], [-2, -8], [-14, 1], [14, -11], [-4, 4], [7, 10], [10, -8], [4, 8], [3, -11], [7, 8], [-1, -12], [10, 4], [0, 6], [17, -9], [-19, 1], [-5, -14], [-11, 8], [3, -16], [10, 1], [-18, -20], [-4, 3], [-1, -9], [6, -7], [0, 8], [6, -6], [1, 11], [7, -9], [-12, -17], [-7, 7], [-4, -11], [-4, 8], [-1, -7], [-8, 1], [-2, 8], [2, -19], [-6, 12], [-3, -8], [6, -11], [-3, -5]], [[2813, 4512], [6, -3], [-18, -7], [12, 10]], [[3416, 4821], [5, -3], [-4, -8], [4, -6], [-13, 8], [8, 9]], [[3411, 4827], [-5, -12], [-2, 8], [7, 4]], [[3501, 4832], [0, -6], [-3, 5], [3, 1]], [[3554, 4855], [13, -11], [-11, -1], [-2, 12]], [[3592, 4865], [5, -7], [-7, -11], [-15, 11], [17, 7]], [[3459, 4868], [2, -6], [-4, 0], [2, 6]], [[3571, 4870], [-1, -14], [-4, 10], [5, 4]], [[3677, 4896], [5, -2], [-7, -7], [4, -7], [-7, -45], [-6, 11], [-13, -4], [2, 6], [10, -1], [-2, 9], [-14, -5], [-10, -24], [-3, 4], [5, 16], [-3, 10], [-13, 2], [-12, -11], [-4, 5], [5, 10], [7, -2], [-7, 7], [4, 11], [6, -5], [25, 17], [28, 5]], [[3638, 4950], [5, -3], [-9, 0], [4, 3]], [[3647, 4954], [5, -3], [-11, -1], [6, 4]], [[3646, 4963], [5, -5], [-7, -2], [2, 7]], [[3659, 4974], [16, -11], [-21, 0], [-2, 7], [7, 4]], [[3675, 4976], [-8, -7], [-14, 6], [-11, -9], [-20, 12], [8, -6], [-3, -5], [12, 0], [3, -9], [-18, -21], [-6, 0], [6, -9], [-6, -9], [-6, 2], [-19, -17], [-12, 3], [1, 11], [-3, -6], [-18, 7], [-2, 15], [-3, -21], [-15, 23], [13, -23], [-17, -5], [-4, 10], [6, -14], [-12, -10], [11, 8], [3, -6], [-9, -15], [23, 29], [18, 2], [6, -10], [-5, -12], [-11, -4], [1, -14], [-6, 9], [-8, -4], [2, -13], [-8, -6], [-1, -14], [-33, 10], [-8, -7], [4, -14], [-11, 3], [-10, 16], [3, 15], [-6, -5], [-3, 16], [0, -13], [-6, 1], [8, -13], [-9, 1], [-4, 41], [10, 20], [-12, -19], [-4, -26], [-5, 0], [0, 15], [-7, -17], [-17, -7], [2, -7], [-19, -6], [-18, 25], [14, -28], [-13, -6], [-5, 1], [4, 9], [-9, -1], [-1, 7]], [[3329, 5125], [10, 21], [6, -5], [30, 13], [-6, 23], [5, 7], [12, -6], [24, 6], [-4, 22], [16, 5], [12, 47], [28, -12], [21, 0], [17, -15], [9, -17], [14, 20], [19, 10], [0, 9], [25, 8], [0, -20], [29, -1], [11, -11], [2, -20], [8, -7], [-3, -13], [8, -12], [24, 18], [20, -3], [18, 20], [10, -2]], [[275, 11], [7, -4], [-1, -7], [-17, 2], [11, 9]], [[322, 80], [0, -6], [-4, 5], [4, 1]], [[344, 96], [9, -5], [-5, -11], [-7, 9], [3, 7]], [[372, 136], [4, -10], [-6, -4], [2, 14]], [[335, 143], [9, -13], [-16, 1], [7, 12]], [[272, 181], [12, -22], [6, 8], [13, -2], [21, -18], [-4, -23], [-4, 4], [-5, -11], [2, -12], [-12, 7], [4, -16], [-41, 11], [-9, 9], [-2, -10], [-12, 3], [-7, 11], [8, 1], [0, 11], [8, -8], [-2, 16], [3, -9], [5, 5], [6, -19], [-1, 20], [6, 1], [-6, 7], [0, 16], [9, 12], [3, -10], [-6, 14], [5, 4]], [[24, 198], [12, -6], [-11, -12], [-25, 6], [9, 11], [15, 1]], [[446, 262], [7, -3], [0, -9], [-12, -19], [-6, -27], [-11, -11], [0, -50], [-32, -12], [-2, 10], [-11, 6], [9, 10], [2, 12], [-8, 11], [-11, -9], [-5, 7], [2, 11], [14, -4], [-1, 17], [9, -7], [-2, -12], [2, 10], [8, -7], [17, 3], [2, 21], [9, 9], [7, -6], [6, 16], [-4, 10], [11, 23]], [[572, 293], [6, -16], [-17, -1], [0, 12], [11, 5]], [[744, 318], [4, -8], [-5, 1], [1, 7]], [[567, 332], [4, -8], [-8, 6], [4, 2]], [[565, 341], [3, -6], [-6, 4], [-1, -10], [4, 12]], [[719, 380], [15, -10], [2, -17], [-24, 0], [-2, 19], [5, -8], [4, 16]], [[751, 404], [23, -44], [0, -11], [31, -17], [12, -20], [-32, 4], [-20, -8], [-15, 11], [-1, 16], [2, -8], [6, 1], [-9, 21], [13, 22], [-13, 29], [4, -2], [-1, 6]], [[744, 414], [2, -9], [-6, 7], [4, 2]], [[1564, 708], [2, -7], [-6, -2], [4, 9]], [[175, 793], [6, -5], [-12, -2], [6, 7]], [[2673, 849], [13, -9], [-4, -15], [-10, -4], [-6, 5], [2, 20], [5, 3]], [[2691, 890], [13, -4], [-2, -10], [-9, 1], [-2, 13]], [[1386, 1006], [1, -9], [-4, 0], [3, 9]], [[1400, 1006], [4, -7], [-6, -8], [-3, 10], [5, 5]], [[1425, 1014], [5, -17], [-11, -24], [-1, 21], [7, 20]], [[1410, 1024], [7, -9], [-5, 5], [-3, -10], [-8, 3], [9, 11]], [[1281, 1078], [8, -4], [-33, -5], [25, 9]], [[1357, 1086], [5, -9], [-5, -7], [0, 16]], [[1237, 1091], [16, -21], [-6, -11], [2, -15], [-20, 24], [-14, 6], [3, 9], [19, 8]], [[1385, 1189], [2, -12], [-10, -1], [8, 13]], [[1638, 1224], [4, -15], [-12, 5], [1, 8], [7, 2]], [[1637, 1241], [1, -10], [-4, 6], [3, 4]], [[1572, 1250], [4, -11], [-25, 4], [3, 9], [18, -2]], [[1715, 1316], [16, -15], [6, -30], [0, -13], [-11, -16], [-4, -19], [-14, -21], [-29, -1], [1, -14], [-8, 2], [9, -16], [-5, -7], [-14, -9], [-19, 8], [6, -14], [-19, -6], [3, -9], [-5, -7], [-12, 0], [0, -8], [-4, 0], [3, -9], [-26, 9], [-12, -12], [22, -45], [12, 0], [2, 11], [15, 12], [2, -10], [-12, -12], [-17, -3], [5, -17], [-16, 19], [-11, -2], [4, -7], [-12, -8], [1, -15], [-5, 1], [-3, -19], [-11, -10], [7, -15], [12, 9], [5, -12], [-34, -36], [-22, -4], [4, 24], [-6, -3], [-1, 8], [7, 4], [-6, 0], [3, 4], [-7, 7], [0, 11], [4, 9], [7, -6], [-1, 21], [5, -4], [0, 7], [18, 11], [6, 13], [-15, 62], [8, -9], [11, 11], [8, -5], [16, 21], [-1, 11], [24, 6], [5, 12], [10, -1], [5, 12], [-3, 11], [-24, 8], [-6, 49], [39, -9], [3, -4], [-8, -17], [8, -8], [23, 7], [7, 11], [8, -4], [-7, 5], [1, 8], [17, 15], [-2, 12], [10, 2], [15, 22], [9, 36]], [[1611, 1353], [7, -9], [-6, -12], [-9, 13], [8, 8]], [[1639, 1417], [-10, -23], [-25, -24], [7, 4], [-1, 10], [12, 22], [17, 11]], [[4027, 4892], [-6, -14], [-7, 5], [2, 8], [4, -6], [7, 7]], [[4008, 4941], [8, -3], [-8, -5], [0, 8]], [[4017, 4942], [-7, 1], [5, 4], [2, -5]], [[4093, 4811], [-6, 0], [-34, -20], [-10, 10], [-33, -16], [-15, 3], [-15, -17], [-3, 9], [-24, -4], [-1, -10], [-23, -7], [-7, 0], [-2, 18], [-5, 1]], [[3915, 4778], [42, 17], [23, 30], [-10, 12], [-11, -11], [-3, 4], [12, 11], [12, -14], [7, 1], [18, 24], [-2, 5], [4, -2], [-2, 13], [5, -2], [-5, 11], [6, -8], [4, 2], [-3, 10], [4, -10], [9, 11], [4, 10], [-13, 3], [-1, 18], [6, -14], [2, 9], [8, -11], [3, 13], [-8, -2], [-4, 7], [16, -1], [-23, 4], [5, 7], [-6, 6], [11, 3], [6, -14], [8, 7], [1, 11], [-7, -13], [2, 13], [-13, -2], [10, 12], [-13, -11], [7, 12], [-9, -3], [5, 4], [0, 7], [-5, 1], [4, 4]], [[2390, 4236], [-22, 0], [0, 16], [-3, -5], [-6, 4], [-3, 18], [-1, -12], [-14, 2], [9, -4], [-3, -10], [-23, -25], [-13, 8], [19, -36], [7, -29], [10, -7], [-1, -10], [-2, 0], [-3, 1]], [[2209, 4325], [20, -30], [4, 3], [-13, 14], [6, 8], [-6, 5], [7, 0], [-1, 11], [7, 6], [0, 15], [-14, 3], [2, 4], [-16, 14], [8, 3], [-4, 7], [4, 6], [12, -19], [5, 4], [-3, 10], [-6, 0], [5, 2], [-6, 18], [9, -5], [-5, 7], [5, -1], [-3, 17], [10, -10], [-1, -9], [7, 16], [11, 0], [0, -6], [9, -4], [4, -9], [-11, -14], [6, -4], [4, 5], [0, -12], [19, -4], [3, 10]], [[2240, 4427], [-5, -6], [1, 11], [4, -5]], [[2199, 4439], [4, -4], [-4, -5], [-7, 5], [7, 4]], [[2232, 4455], [-2, -14], [-3, 6], [5, 8]], [[5387, 5666], [14, -8]], [[5455, 5469], [-15, -1], [-3, 8], [-16, 2], [-6, -14], [-29, 6], [-11, -15], [-9, 5], [-15, -7], [-5, 17], [-26, -14], [-20, -1], [-9, 11], [-13, 3], [-6, 17], [-35, 3], [-49, 21], [-10, 5], [-22, -19]], [[5156, 5496], [-17, -6], [-31, 14], [-4, 12], [-17, 5]], [[3304, 5335], [-4, -11], [-9, 5], [10, 13], [3, -7]], [[2941, 4854], [-22, -23], [5, -28], [-18, -26], [-12, 12], [-15, -14], [-17, -2], [-14, 17], [-3, 15], [9, 30], [-31, -1], [1, 19], [-11, 14], [11, 12], [1, 16], [7, 3], [-14, 50]], [[2818, 4948], [43, 8], [3, -7], [-2, 9], [16, 17], [-2, 10], [26, 17], [3, 13], [17, 13], [0, 9], [9, 7], [6, -5], [5, 10], [-4, 4], [18, 24], [36, 33], [3, -9], [7, 0], [-7, 0], [-1, 12], [25, 13], [5, 15], [21, 19], [-3, 7], [12, 21], [68, 46], [15, 38], [3, -6], [-4, 20], [-16, 8], [6, 11], [36, 3], [2, 3], [-10, 7], [44, 20], [34, 2], [-1, 12], [19, -2], [2, 9], [9, 3], [-4, 6], [16, 1], [-4, 10], [3, 2], [10, -13], [4, 2], [1, -10], [6, 5], [10, -4], [0, 9], [2, -7], [6, 7], [36, -6], [-47, -19], [-9, 4], [-9, -12], [3, -18], [-7, -10], [10, -7], [28, 6], [20, -10], [8, -18]], [[3344, 5280], [-7, -24], [3, -36], [-14, -1], [-35, -21], [10, -8], [4, -13], [-14, -14], [-3, -30]], [[3243, 5580], [22, -11], [-4, -7], [-6, 9], [-12, -5], [0, 14]], [[3278, 5621], [7, -9], [-6, -9], [12, -4], [-18, -1], [2, -10], [-11, -7], [3, 16], [-5, 15], [6, 6], [3, -8], [1, 9], [6, 2]], [[3267, 5631], [4, -2], [-2, -6], [-15, -9], [6, -9], [-4, -12], [-12, 6], [0, 13], [-10, -8], [7, -22], [-17, 13], [10, 24], [10, -4], [2, 13], [13, -4], [8, 7]], [[3332, 5727], [34, -38], [-6, -29], [-9, -4], [1, 12], [-2, -9], [-10, -1], [10, -1], [2, -13], [-18, 0], [-3, 7], [0, -7], [-9, -4], [0, 6], [-6, -2], [4, 10], [-19, 9], [-1, 36], [7, -4], [-2, 10], [11, 7], [-2, 5], [12, 1], [6, 9]], [[2568, 6286], [4, -30], [-15, -15], [-23, 15], [-3, 18], [37, 12]], [[5966, 92], [4, -4], [-5, -6], [1, 10]], [[9999, 109], [-5, 1], [4, 6], [1, -7]], [[5921, 356], [8, -17], [-19, -15], [2, 19], [9, 13]], [[5909, 652], [3, -11], [-5, -4], [2, 15]], [[6180, 1240], [3, -6], [10, 1], [-7, -5], [8, -1], [-1, -13], [9, 9], [-9, -9], [7, -1], [-5, -7], [2, -17], [-17, 49]], [[5418, 3923], [7, -8], [-3, -6], [-5, 2], [1, 12]], [[5394, 4232], [5, -10], [-5, 1], [0, 9]], [[5418, 4242], [28, -20], [4, -18], [-6, -1], [-2, -14], [-17, 12], [-1, 12], [-8, 4], [-5, 19], [7, 6]], [[5369, 4588], [8, -14], [-3, -11], [-15, 9], [10, 16]], [[5342, 4691], [12, -7], [1, -18], [-10, -11], [-16, 2], [-3, 13], [5, 18], [11, 3]], [[5220, 4747], [8, -5], [2, -13], [-15, -9], [-3, 5], [8, 22]], [[5242, 4790], [4, -5], [-9, -4], [5, 9]], [[5266, 4833], [-6, -45], [-9, 18], [15, 27]], [[5264, 4882], [4, -5], [-6, -6], [2, 11]], [[5290, 5005], [24, -14], [4, -13], [-3, -28], [-26, 11], [-3, 35], [4, 9]], [[5209, 5163], [-11, -19], [-2, -19], [10, -5], [0, -17], [-6, -3], [4, -13], [17, -9], [-2, -30], [-19, -17], [-11, -40], [-17, -12], [-7, -24], [4, -15], [-10, -2], [3, 9], [-5, 0], [-13, -19], [-6, 1], [-14, -16], [-23, 20], [4, 12], [-16, 10], [0, 16], [12, 14], [-7, 21], [7, 25], [-7, 6], [1, 8], [11, 12], [-9, 29], [5, 0], [3, 27], [33, -6], [5, 14], [-6, 0], [-9, 21], [-2, -5], [-12, 15], [-39, 15], [-16, -14], [-28, -7], [-8, -21], [-14, -16], [5, -17], [-1, 13], [10, 1], [-4, -12], [-53, -36], [-10, -16], [3, -26], [-14, -18], [3, -6], [-25, -22], [-9, -27], [0, -14], [9, -5], [-4, -2], [6, -11], [-73, 31], [-31, 1], [0, 19], [-3, -19], [-30, -9], [-17, 9], [-48, 5], [3, 10], [12, -2], [-11, 5], [12, 27], [-9, -13], [-5, 2], [-5, -8], [4, -3], [-7, -1], [9, 27], [6, -2], [-4, 5], [13, 15], [-12, -4], [-2, -9], [-13, 0], [-4, -9], [-4, 4], [8, 12], [-7, 3], [-1, -15], [-11, -6], [8, 0], [1, -11], [-5, -4], [9, -1], [3, -13], [10, -8], [-34, -1]], [[4923, 5398], [15, -62], [-6, -23], [4, -20], [-8, -18], [6, -25], [11, -10], [12, 10], [13, -7], [11, -52], [11, -10], [20, -2], [12, 12], [-7, 52], [8, 11], [-1, 34], [16, 17], [9, -24], [17, 2], [7, -19], [75, 21]], [[3721, 4467], [5, -1], [-7, -4], [2, 5]], [[3828, 4564], [-3, -5], [-6, 3], [9, 2]], [[3706, 4730], [21, 9], [20, -2], [6, 8], [0, -18], [17, -9], [-8, -17], [-6, 2], [7, -4], [-6, -15], [-11, 9], [13, -12], [-6, -22], [-9, 6], [11, -13], [-11, -3], [11, 1], [-1, -12], [8, -6], [-3, -6], [9, 13], [10, -22], [10, -7], [-24, -5], [27, -3], [-11, -1], [11, -2], [-2, -9], [-23, -25], [6, 6], [-2, -10], [25, 1], [-12, -7], [22, 1], [-35, -25], [-7, 3], [-6, -11], [-6, 4], [-5, -18], [-4, 4], [-17, -22], [-34, -18], [-11, -14], [9, -1], [-8, -16], [-10, -2], [10, -2], [-15, 1], [-3, -10], [4, -2], [-5, -4]], [[3759, 4751], [4, -10], [8, 4], [-7, -25], [-11, 10], [11, 3], [-4, 9], [-6, -9], [5, 18]], [[5438, 5376], [-5, 2], [5, 4], [0, -6]], [[5417, 5387], [9, -19], [-10, 0], [1, 19]], [[5443, 5393], [0, -9], [-4, 8], [4, 1]], [[5425, 5393], [2, -14], [-7, 10], [5, 4]], [[5473, 5426], [0, -2], [4, -9], [-4, -4], [6, 0], [-10, -6], [7, -8], [-13, -4], [-1, -7], [-8, 5], [5, 17], [-5, -11], [-7, 1], [3, 27], [-9, 13], [8, -14], [-5, -29], [-7, 2], [1, 7], [6, 0], [-11, 0], [-4, -19], [-5, 11], [6, 5], [-7, -3], [5, 5], [-2, 11], [-10, -19], [-4, -22], [4, -15], [7, 5], [8, -14], [-8, 1], [-1, 1], [-20, -2], [7, 2]], [[5216, 5411], [-34, 23], [-26, 62]], [[3344, 5280], [3, 36], [15, -5], [-1, -7], [1, 7], [15, 1], [8, 17], [23, 13], [24, 5], [52, -17], [33, 4], [-3, -11], [4, 11], [44, 9], [4, 6], [7, -9], [54, 7], [-3, 5], [25, 7], [9, 15], [24, 11]], [[4546, 6011], [-22, -41], [8, -16], [20, -16], [-7, -10], [8, 6], [-4, -6], [17, 1], [-4, -5], [8, -6], [-2, 12], [11, -10], [22, -5], [4, 7], [18, -4], [-1, -6], [34, 29], [11, 56], [22, 13], [46, 11]], [[4147, 4392], [16, -5], [-10, -10], [-12, 6], [6, 9]], [[4211, 4504], [-12, -22], [4, -9], [-16, -6], [5, -11], [-8, -5], [11, -6], [-1, -6], [-19, -9], [8, -1], [-26, -22], [-9, 8], [3, -8], [-14, -21], [5, -10], [-3, -4], [-11, 0], [-1, 6], [9, 5], [-6, 10], [-16, -2], [-3, 7], [-11, -2], [-11, 9], [-13, -5], [-6, 8], [-20, 4], [-5, 12], [-16, 0], [4, 11], [-4, -6], [-17, 14], [1, 24], [-21, 12], [5, 6], [-4, 6], [7, 1], [2, -8], [12, 20], [-5, -2], [-2, 9], [-7, -6], [0, 9], [-9, -1], [-2, 12], [-27, 6], [-1, 9], [-15, 8], [-11, 27], [5, 9], [-5, -8], [-13, 8], [-18, -7], [1, 12], [7, 3], [-5, 8], [15, 13], [-13, 1], [4, 5], [-5, 4], [25, 13], [-3, 6], [11, 6], [-12, 15], [-18, 5], [18, 3], [-13, 2], [7, 16], [9, -4], [-6, 12], [27, 6], [-8, 0], [-1, 22], [-2, -9], [-11, 5], [-3, 12], [6, -9], [-3, 9], [6, 6], [-6, -3], [6, 7], [-11, -5], [-3, 10], [-18, 8], [4, 20], [6, 2]], [[5350, 6751], [-3, 5], [23, 52], [40, 43], [18, 39], [7, 49], [7, 2], [-5, 3], [17, 51], [3, -2], [-4, 3], [1, 21]], [[2968, 4508], [-8, -5], [6, 16], [2, -11]], [[2909, 4540], [8, -9], [-13, -4], [5, 13]], [[2987, 4548], [21, -17], [-5, -5], [-20, 16], [-8, -3], [12, 9]], [[2944, 4565], [13, -11], [-26, -19], [14, 19], [-1, 11]], [[2926, 4568], [-7, 0], [6, 5], [1, -5]], [[3032, 4615], [1, -10], [-5, 5], [4, 5]], [[3071, 4617], [2, -5], [-6, 5], [4, 0]], [[2999, 4614], [12, -1], [15, -25], [12, 12], [10, -1], [6, 13], [18, -3], [-21, -17], [-12, 0], [0, -23], [-14, -2], [3, 13], [-16, 8], [-6, -6], [3, -9], [-15, 3], [-8, -9], [-1, 10], [-9, 7], [-1, 16], [6, 2], [-1, 10], [19, 2]], [[2876, 4624], [4, -5], [-6, -2], [1, -7], [-14, -10], [-4, 6], [4, 8], [1, -6], [9, 4], [0, 13], [5, -1]], [[2512, 4641], [0, -5], [-4, 6], [4, -1]], [[2788, 4633], [-12, -4], [9, 16], [6, -5], [-3, -7]], [[3053, 4647], [4, -8], [-7, 2], [3, 6]], [[2827, 4649], [5, -25], [-12, 13], [7, 12]], [[2837, 4651], [2, -5], [-7, -2], [5, 7]], [[3045, 4652], [-2, -6], [-3, 4], [5, 2]], [[2993, 4709], [6, -2], [-4, -13], [-11, 14], [9, 1]], [[3017, 4724], [5, -2], [-8, -1], [3, 3]], [[2555, 4807], [4, -8], [-13, -5], [9, 13]], [[2677, 4837], [5, -9], [-12, -1], [0, 6], [-7, -14], [-10, 4], [-2, 11], [26, 3]], [[2731, 4872], [2, -8], [-5, -3], [3, 11]], [[2689, 4872], [4, 0], [-7, -7], [3, 7]], [[2995, 4739], [4, -6], [-10, -4], [10, 1], [-5, -10], [6, -10], [-18, -3], [9, -11], [-7, -3], [5, -36], [-3, -3], [5, 2], [-3, -21], [-9, -20], [-19, -6], [-2, 7], [-6, -1], [8, -9], [1, -25], [9, -13], [-6, -13], [-7, 1], [0, 21], [-23, 14], [7, 10], [-2, 6], [-11, -19], [-14, 13], [-6, -6], [-2, 15], [-11, 1], [-26, 31], [-16, -15], [8, -7], [-15, 3], [18, 24], [-13, 3], [4, 6], [-5, 9], [0, -7], [-12, -3], [4, 9], [-6, 3], [-14, -12], [-20, 0], [-8, -12], [-6, 13], [2, -5], [-19, -19], [-9, 3], [0, 9], [-6, 3], [11, 10], [-9, -1], [-4, -9], [-2, 6], [-4, -4], [4, -10], [-10, -1], [4, -10], [-12, 0], [3, 5], [-4, 8], [-8, -15], [7, 18], [-8, 2], [7, 13], [-5, -5], [2, 32], [-3, -27], [-6, -1], [3, -10], [-6, -1], [4, -9], [-10, -13], [2, -7], [-28, -21], [-5, 7], [-7, -4], [5, 7], [-3, 3], [-7, -6], [6, 8], [-2, 5], [-3, -7], [5, 23], [-8, -25], [-10, -6], [-7, 12], [6, 8], [-4, 6], [5, 3], [-10, 0], [1, 17], [-5, -18], [-13, 20], [-15, 4], [-1, 11], [-16, -36], [-23, -20], [-1, -16], [-6, 1], [2, 4], [-12, 12], [16, 0], [-5, 2], [3, 43], [-17, 30], [2, 12], [12, 3], [-3, 5], [12, 16], [-4, 24], [-17, 23], [9, 13], [2, 22], [8, -11], [24, 16], [11, -2], [-7, 16], [-18, 1], [-1, -9], [-6, 2], [12, 23], [15, -14], [36, 4], [8, -22], [13, 12], [6, -13], [3, 11], [26, -5], [10, 16], [18, -9], [-6, 11], [13, 2], [2, 7], [-9, 7], [7, -4], [9, 17], [6, 1], [-4, 13], [6, 11], [11, -3], [12, 14], [6, 25], [16, 6], [-6, 2], [7, 16], [10, -3], [2, -9], [9, 11], [-2, 6], [5, -1]], [[2641, 5002], [9, -6], [-1, -7], [-8, -2], [0, 15]]]}